time_d,T_r000,T_r010
1.0,19.90989772732678,12.293528553843032
2.0,20.001891342061867,13.23106479531026
3.0,20.003639862108685,14.435386909075703
4.0,20.003917673045805,15.639972175769117
5.0,20.004031853229435,16.689943660244296
6.0,20.004088451715006,17.53531283570868
7.0,20.004120331903323,18.182700717445357
8.0,20.0041403875195,18.66505702549688
9.0,20.004154264133376,19.01834816308144
10.0,20.00416465731996,19.274334100375484
11.0,20.004172944850097,19.459057288190877
12.0,20.004179874899023,19.592444755968756
13.0,20.004185864948226,19.689040864417564
14.0,20.004191175657752,19.759308679652065
15.0,20.0041959823439,19.81071070157725
16.0,20.00420039128909,19.84855319664223
17.0,20.004204475690585,19.876610840598573
18.0,20.004208287050574,19.89757009822
19.0,20.0042118602928,19.913350748475636
20.0,20.004215226217013,19.925330537678008
21.0,20.004218408522092,19.934503173968892
22.0,20.004221426163213,19.941589461106616
23.0,20.00422429451794,19.94711524015804
24.0,20.004227026713806,19.951466369560535
25.0,20.004229633683224,19.954927712330402
26.0,20.00423212518382,19.95771071864357
27.0,20.004234509513196,19.9599733379996
28.0,20.004236794161557,19.961834177623814
29.0,20.004238985890026,19.96338286650166
30.0,20.004241090410233,19.96468748563933
31.0,20.004243113317216,19.965799980815973
32.0,20.004245059447555,19.96676027735765
33.0,20.004246935986032,19.967599540914875
34.0,20.004248739964282,19.968340904340494
35.0,20.004250479509665,19.96900327070432
36.0,20.004252161953445,19.96960153045245
37.0,20.004253784018317,19.970146834885156
38.0,20.004255349339587,19.97064838473534
39.0,20.00425686772263,19.971113512813645
40.0,20.004258332091013,19.971548271418214
41.0,20.00425975293939,19.971956634967967
42.0,20.004261123975482,19.97234277457011
43.0,20.004262452497812,19.972709603253804
44.0,20.00426374028524,19.9730595811684
45.0,20.00426499099467,19.973394795794604
46.0,20.00426620571045,19.973717331553928
47.0,20.004267385129367,19.974027743972385
48.0,20.004268533825837,19.974328015833294
49.0,20.004269650304593,19.974618438407845
50.0,20.004270732368695,19.97489984780617
51.0,20.004271786655067,19.97517300274984
52.0,20.00427280853586,19.97543858729813
53.0,20.004273799959662,19.975697402267997
54.0,20.004274777834382,19.975949867313716
55.0,20.00427572157497,19.976195891023792
56.0,20.004276636437112,19.976436105124208
57.0,20.00427753636501,19.976670933177672
58.0,20.004278416874,19.97690095445182
59.0,20.004279267008656,19.977125579732558
60.0,20.004280103027668,19.977345775499828
61.0,20.004280915033462,19.977561344774642
62.0,20.004281710520956,19.977772701536594
63.0,20.004282490984224,19.977980198919568
64.0,20.00428324603331,19.978183302219065
65.0,20.004283987971746,19.9783826829634
66.0,20.004284715460074,19.978578402640665
67.0,20.00428542230793,19.978770367364234
68.0,20.004286118494292,19.9789591365128
69.0,20.004286795102246,19.979144142295183
70.0,20.004287461404147,19.97932612440627
71.0,20.004288111952008,19.979504774540715
72.0,20.004288746936083,19.97968017338337
73.0,20.004289371105415,19.979852654052138
74.0,20.004289985624382,19.980022462042996
75.0,20.00429058124729,19.980189011038078
76.0,20.004291167722954,19.980352916452944
77.0,20.004291745042565,19.980514177639805
78.0,20.00429230892223,19.980672683261673
79.0,20.004292864412264,19.980828769774348
80.0,20.0042934073565,19.98098222075862
81.0,20.004293938683247,19.981133209590325
82.0,20.004294461953407,19.981281758528496
83.0,20.004294976265044,19.981428071471157
84.0,20.00429548035663,19.98157204409347
85.0,20.004295975184448,19.9817137647824
86.0,20.004296461831643,19.981853395391227
87.0,20.004296939933568,19.981990845797952
88.0,20.004297409498122,19.982126240796163
89.0,20.004297871735957,19.982259687483122
90.0,20.004298324714057,19.982391046587168
91.0,19.995379449040342,19.975806686196393
92.0,19.99288396803081,19.971247896286002
93.0,19.990284977568024,19.966760440493942
94.0,19.987602632135122,19.96234104065894
95.0,19.9848524404008,19.957987291252607
96.0,19.98204551662559,19.953697065293852
97.0,19.9791923909479,19.949468267889245
98.0,19.976301588600165,19.945298771881596
99.0,19.973379801991996,19.94118732884209
100.0,19.97043410583899,19.937131322452842
101.0,19.967468925356968,19.93312898521691
102.0,19.96448898334114,19.929178711152815
103.0,19.961498531648374,19.925279260404352
104.0,19.95850062030007,19.921428843148476
105.0,19.955498101614296,19.917625904449267
106.0,19.952492967951912,19.913868741155852
107.0,19.94948852311336,19.91015644475914
108.0,19.946486121871374,19.906487505073244
109.0,19.943487552868646,19.9028606378684
110.0,19.940494110195687,19.89927455236233
111.0,19.937507116800077,19.895728034528645
112.0,19.934527974521416,19.892219549096694
113.0,19.931557229424016,19.88874305788397
114.0,19.928595765587545,19.88529871396753
115.0,19.925644424560915,19.881888979928704
116.0,19.922703914966405,19.87851386908619
117.0,19.919774645288328,19.875172387964028
118.0,19.91685712011622,19.871863616930455
119.0,19.913951730078168,19.86858670548986
120.0,19.911058736173686,19.86534068312045
121.0,19.908178567063544,19.862124838024386
122.0,19.905311442435504,19.85893826952008
123.0,19.902457556144952,19.855780263217696
124.0,19.899616869885904,19.852649951693195
125.0,19.896789770145574,19.849546738193
126.0,19.893976051082007,19.846469803870036
127.0,19.89117560385398,19.84341851543269
128.0,19.88838842659493,19.840392176346597
129.0,19.88561483149533,19.837390222372278
130.0,19.88285483823836,19.834412062109436
131.0,19.880105414160482,19.83145710780684
132.0,19.8773680731465,19.828524727614365
133.0,19.874643638085672,19.82561444126219
134.0,19.871932342254468,19.822725735910353
135.0,19.869234127753316,19.819858078208767
136.0,19.866548797130974,19.817010946876906
137.0,19.863876335355314,19.814183865913833
138.0,19.861216666036853,19.81137638926492
139.0,19.858569720403807,19.808588049871787
140.0,19.855935455056454,19.805818440059625
141.0,19.853313853580346,19.803067192022297
142.0,19.850704324832463,19.80033371841023
143.0,19.848106850378883,19.797617744267257
144.0,19.8455214748476,19.794918883469222
145.0,19.842948067260807,19.792236867367023
146.0,19.840386622926644,19.78957118891509
147.0,19.837837099045714,19.786921539564503
148.0,19.83529938439358,19.78428759752626
149.0,19.832773333801413,19.78166904609901
150.0,19.83025905401638,19.77906557002774
151.0,19.827755981970313,19.776476819408174
152.0,19.82526427301093,19.773902503917952
153.0,19.822783839769613,19.771342358704203
154.0,19.820314336425838,19.76879610965051
155.0,19.817855827736423,19.766263469412536
156.0,19.81540797108022,19.76374420446581
157.0,19.81297080476378,19.761238032268352
158.0,19.81054419029391,19.758744699574095
159.0,19.808128004550554,19.75626396908143
160.0,19.805722123826456,19.753795610889426
161.0,19.803326415475283,19.751339385152562
162.0,19.80094070787436,19.74889508710652
163.0,19.798564820703234,19.74646249567803
164.0,19.79619880719963,19.744041385664957
165.0,19.793842585918583,19.741631560794247
166.0,19.79149580497733,19.739232830164894
167.0,19.78915846254779,19.736844993620537
168.0,19.786830479100843,19.734467864046167
169.0,19.784511709488072,19.732101265595077
170.0,19.78220201343339,19.729745017050107
171.0,19.779901323945353,19.727398940229136
172.0,19.777609474105248,19.72506287426245
173.0,19.775326364356886,19.72273666027729
174.0,19.773053683288765,19.72042014810131
175.0,19.77078928834112,19.71811316856821
176.0,19.768533011608383,19.715815569030383
177.0,19.76628490239426,19.713527160744206
178.0,19.764044890295963,19.711247843251385
179.0,19.761812888758016,19.70897748599549
180.0,19.759586390201775,19.70671593852154
181.0,19.74351903332348,19.694507287452723
182.0,19.72364385640492,19.683648322809972
183.0,19.708716327540344,19.672980401768825
184.0,19.695729955302227,19.66239911575923
185.0,19.683825524672613,19.651838588991552
186.0,19.67246812649529,19.641223363489132
187.0,19.661382402418838,19.630481465110336
188.0,19.65047245729238,19.619538988043132
189.0,19.63953622989112,19.608326778657045
190.0,19.628541531716508,19.596763586197994
191.0,19.617313011800036,19.584775395475504
192.0,19.605880566729127,19.572278574144548
193.0,19.594069244245645,19.55918752095431
194.0,19.581813568104735,19.545420606183654
195.0,19.569039114320674,19.530891851297838
196.0,19.55571139476683,19.51551059708214
197.0,19.541551918004984,19.499195950409558
198.0,19.526756573210264,19.481860535834358
199.0,19.511067426238696,19.463418599239844
200.0,19.49443656678767,19.443771445295226
201.0,19.476774106736116,19.422841960190397
202.0,19.457976576813792,19.40055786975728
203.0,19.43798984143092,19.376844718116956
204.0,19.416705662674815,19.35163428097252
205.0,19.394100229241417,19.324862624453033
206.0,19.36999231658956,19.29647382076439
207.0,19.344444725532867,19.266411135918418
208.0,19.317314113720386,19.23463418504292
209.0,19.288511777823317,19.201096092898524
210.0,19.258075836642035,19.165755662408344
211.0,19.226092636660496,19.128584460105174
212.0,19.192237231773333,19.08956928924613
213.0,19.156626817101085,19.048697906924986
214.0,19.119185889751634,19.00595776972648
215.0,19.07994452126195,18.961338970563418
216.0,19.038800601468665,18.91485320828548
217.0,18.99575936903176,18.8665242797033
218.0,18.951025466456713,18.81635796644815
219.0,18.9043950010348,18.764391373998592
220.0,18.855896182500487,18.710654651832556
221.0,18.80558150313243,18.65518207006994
222.0,18.75349254027651,18.597999143263166
223.0,18.699642609649402,18.539147517323045
224.0,18.644078351080168,18.47867546799739
225.0,18.586841250928387,18.416630882004824
226.0,18.52796062804549,18.353061154351224
227.0,18.467465551315115,18.28800981027598
228.0,18.40540867292475,18.2215393682784
229.0,18.34184834963719,18.153711331897114
230.0,18.27680203310115,18.084601534119372
231.0,18.210363284568757,18.014282788337255
232.0,18.142605178086455,17.942824542119183
233.0,18.073559074802233,17.870303563784717
234.0,18.00333447287585,17.796793675022457
235.0,17.931933417230198,17.722368560872894
236.0,17.85956906056947,17.647104186790614
237.0,17.786224563455676,17.57107927008059
238.0,17.71195954510125,17.494366437614303
239.0,17.636845752710542,17.417048269133375
240.0,17.560987290666787,17.33920027522214
241.0,17.48446184729613,17.26089681764745
242.0,17.407324855253876,17.182206558568794
243.0,17.329677089468248,17.103203071232144
244.0,17.25158863502537,17.023954345287052
245.0,17.173117996921746,16.94453136003557
246.0,17.09436169054925,16.86500110440403
247.0,17.015342127352028,16.785429061051047
248.0,16.936169607146155,16.705871850281483
249.0,16.85688941406943,16.6263854754784
250.0,16.777581287412033,16.54702417899773
251.0,16.698314763534086,16.467838335340787
252.0,16.619106659931106,16.388868416431137
253.0,16.540046120621753,16.310151233555814
254.0,16.4611823523328,16.231735610337807
255.0,16.382527573118296,16.15367448887764
256.0,16.30410303501185,16.076017314549745
257.0,16.225931632130653,15.998812181378128
258.0,16.148134289322797,15.92211549895336
259.0,16.07072048187456,15.845973098808201
260.0,15.993769184303346,15.770426061720684
261.0,15.917314727887742,15.69552082673357
262.0,15.84146256584404,15.621295274801582
263.0,15.766172396112381,15.547780452971779
264.0,15.691517375868614,15.4750198210387
265.0,15.617558561582086,15.403037838801993
266.0,15.544294933192532,15.331865929437583
267.0,15.47177968785877,15.261534945392782
268.0,15.400055246995862,15.192065087115907
269.0,15.329127309628916,15.123483258002068
270.0,15.25904827793073,15.055803837497479
271.0,15.245734191954966,15.050893791077101
272.0,15.222095474025991,15.05098432152488
273.0,15.201790235957105,15.05104154024474
274.0,15.185230299320494,15.051068808723073
275.0,15.171728199977736,15.051067159450724
276.0,15.160627595278356,15.05103762746944
277.0,15.151411332894895,15.050981337782389
278.0,15.143681325493787,15.050899249960594
279.0,15.13713096020308,15.050792280201051
280.0,15.131523108228578,15.050661305479593
281.0,15.126673322928468,15.05050715544371
282.0,15.122439766352954,15.05033055285179
283.0,15.118707779995873,15.05013239307874
284.0,15.115385964396808,15.049913400375488
285.0,15.112402750764431,15.049674285407889
286.0,15.109699908055006,15.04941572821582
287.0,15.107232715176963,15.04913838857658
288.0,15.104963978798082,15.048842904273329
289.0,15.10286170521914,15.048529884526374
290.0,15.100901730613202,15.04819992212822
291.0,15.09906374539321,15.047853582144114
292.0,15.097330889123668,15.047491411521037
293.0,15.09568743568957,15.047113899393139
294.0,15.094125089164606,15.046721622297525
295.0,15.092631956841842,15.046315035633597
296.0,15.091199501715892,15.045894609723234
297.0,15.08982045858761,15.04546079795881
298.0,15.088487479771686,15.045014001826075
299.0,15.08719804293446,15.04455471182115
300.0,15.085946158319302,15.04408330252744
301.0,15.084727766774904,15.043600158336972
302.0,15.083538362201182,15.043105627492025
303.0,15.08237686503844,15.04260013735086
304.0,15.081239806416761,15.042084005940751
305.0,15.080123911450073,15.041557544965258
306.0,15.079029565703706,15.041021152941028
307.0,15.077952047230951,15.040474943442291
308.0,15.076892094439927,15.039919378430227
309.0,15.075847410695246,15.039354771762646
310.0,15.074815392813946,15.038781334392468
311.0,15.073797365509563,15.03819946745159
312.0,15.072789509799293,15.037609292910872
313.0,15.071793350308496,15.037011138866092
314.0,15.070806869603075,15.036405255134923
315.0,15.069828323169986,15.035791808510226
316.0,15.068859058672217,15.035171156159038
317.0,15.067896523165075,15.034543412391145
318.0,15.066941904384748,15.033908869696575
319.0,15.065993757471631,15.03326771419188
320.0,15.065050744612108,15.032620046957732
321.0,15.064114072291204,15.031966198785653
322.0,15.063181795416995,15.031306226274353
323.0,15.062255183205934,15.030640442885328
324.0,15.061332205900953,15.029968889240365
325.0,15.060414411000977,15.029291854596352
326.0,15.059499872154447,15.028609390999918
327.0,15.05858988702181,15.027921769083264
328.0,15.057682674524813,15.027229036115443
329.0,15.056778482102175,15.026531376147773
330.0,15.055877946072542,15.025828949170034
331.0,15.054979395742578,15.025121814544491
332.0,15.054084017015612,15.024410222875872
333.0,15.0531903586471,15.023694190442654
334.0,15.0522994135423,15.022973930889805
335.0,15.051409902237197,15.022249495461892
336.0,15.050522990439276,15.021521073653275
337.0,15.049637142088272,15.020788688662435
338.0,15.04875346263151,15.020052498409086
339.0,15.047870776521165,15.019312573094282
340.0,15.046990019879388,15.018569051505665
341.0,15.046110015380918,15.017821982504131
342.0,15.045231294315442,15.017071526748907
343.0,15.044352899433875,15.016317712651016
344.0,15.043475897143026,15.015560671402795
345.0,15.042599304157307,15.014800448412075
346.0,15.04172408176862,15.014037209489743
347.0,15.04084908150827,15.013270931509169
348.0,15.039975194739156,15.012501680307082
349.0,15.039101625199407,15.011729587090485
350.0,15.038228650502106,15.010954721209771
351.0,15.037356818319267,15.010177179122138
352.0,15.036485167696242,15.009396995433406
353.0,15.03561443656082,15.008614261673415
354.0,15.034743861067454,15.00782902221539
355.0,15.03387427930511,15.00704138083529
356.0,15.0330045678121,15.006251326510608
357.0,15.032135654643639,15.005458961846216
358.0,15.031266769494891,15.004664332144728
359.0,15.030398692919789,15.003867534964854
360.0,15.029530590026184,15.00306853136891
361.0,19.945451357163677,15.230248523487546
362.0,20.002834620924034,15.829184665133084
363.0,20.003915582128798,16.581500768637284
364.0,20.004085132414275,17.326339472252528
365.0,20.004154771134097,17.972089619482347
366.0,20.00418939364772,18.490629467384167
367.0,20.004208971106777,18.887975223849594
368.0,20.004221340285312,19.183488983930204
369.0,20.004229934932482,19.399285536656862
370.0,20.004236393887993,19.555581414039693
371.0,20.00424155653394,19.6684441363592
372.0,20.00424587941734,19.74998910207455
373.0,20.00424962513671,19.809074824881066
374.0,20.004252949335523,19.852078444414417
375.0,20.004255953079905,19.883553406802548
376.0,20.004258705728205,19.90674149164596
377.0,20.004261252742992,19.923945830454727
378.0,20.004263626611817,19.936806790216565
379.0,20.00426584908297,19.94649700050553
380.0,20.00426793900664,19.953858413260548
381.0,20.004269913119572,19.959498711627077
382.0,20.004271783368495,19.963858930347612
383.0,20.00427355955094,19.967260992777312
384.0,20.0042752494615,19.969941312887386
385.0,20.004276861297114,19.972074376332216
386.0,20.004278398795407,19.973790394303705
387.0,20.004279869593176,19.975185449568414
388.0,20.004281277504845,19.976332821645087
389.0,20.004282626524912,19.97728760558988
390.0,20.004283920474336,19.978091743682455
391.0,20.00428516304612,19.978777176230096
392.0,20.00428635909907,19.979368812215625
393.0,20.004287508101697,19.979885051786994
394.0,20.004288614367397,19.980340612776956
395.0,20.004289677169425,19.980747453075367
396.0,20.004290701813545,19.98111449357316
397.0,20.004291697305007,19.981448891653883
398.0,20.00429265645562,19.981756255972698
399.0,20.004293580844205,19.98204085315433
400.0,20.004294477501617,19.982306575006874
401.0,20.004295339410703,19.98255574748788
402.0,20.00429617677014,19.982791262313697
403.0,20.004296988185047,19.983014674834692
404.0,20.004297775719806,19.983227912380812
405.0,20.00429853461401,19.983431742885728
406.0,20.004299279920758,19.983628156465443
407.0,20.004299994111875,19.983816491931577
408.0,20.00430068968518,19.98399853874315
409.0,20.00430136810968,19.984174714973165
410.0,20.004302025682875,19.984345487663234
411.0,20.004302665168495,19.98451128546168
412.0,20.004303287149924,19.984672486883255
413.0,20.004303893895894,19.984829567573115
414.0,20.004304481041174,19.984982433936466
415.0,20.004305054390215,19.985131579908114
416.0,20.004305615209773,19.985277351046875
417.0,20.004306156793973,19.985419646703292
418.0,20.004306687979977,19.985558707475377
419.0,20.004307206420833,19.985694805326773
420.0,20.004307712253535,19.985827974591757
421.0,20.004308204347012,19.985958357734717
422.0,20.004308684782018,19.986086011730606
423.0,20.004309154380337,19.986211108494388
424.0,20.00430961324031,19.98633373365766
425.0,20.004310059406407,19.986453923658644
426.0,20.004310498682912,19.98657191096055
427.0,20.004310927319068,19.986687647760164
428.0,20.00431134508949,19.986801165943575
429.0,20.004311754860964,19.98691263509994
430.0,20.00431215671415,19.987022159097194
431.0,20.00431254976843,19.987129756135516
432.0,20.004312932854987,19.987235306424566
433.0,20.004313309476743,19.98733909346504
434.0,20.004313679014217,19.987441101249942
435.0,20.00431403995509,19.987541302965155
436.0,20.0043143940797,19.9876398507987
437.0,20.00431474125986,19.987736697779383
438.0,20.00431508152451,19.987831945333085
439.0,20.004315416555528,19.987925761202632
440.0,20.004315743943323,19.98801798087743
441.0,20.004316064382465,19.988108618435263
442.0,20.004316380563125,19.988197870483532
443.0,20.00431668982236,19.988285659840585
444.0,20.0043169927622,19.988372021971543
445.0,20.00431729125347,19.988457054897765
446.0,20.00431758499974,19.98854085691835
447.0,20.00431787243747,19.988623319582985
448.0,20.004318155464034,19.988704493162288
449.0,20.004318434148217,19.98878449321353
450.0,20.004318707398397,19.988863297716136
451.0,19.997340826180903,19.983775084685135
452.0,19.995602537159243,19.980508200876955
453.0,19.993790630830517,19.977289983912385
454.0,19.99191544220014,19.974117493693427
455.0,19.989987353153197,19.970989026980362
456.0,19.988015116232475,19.96790315941024
457.0,19.986006244288603,19.964858462604013
458.0,19.983966766788797,19.961853605931026
459.0,19.98190199425909,19.958887172299228
460.0,19.979816352582475,19.955958049880053
461.0,19.977713630910557,19.953065109671
462.0,19.975596987232848,19.950207092061476
463.0,19.973469227214764,19.947382900303182
464.0,19.971332808986347,19.944591376982487
465.0,19.96918966741447,19.94183158933737
466.0,19.967041699484298,19.93910256938358
467.0,19.96489053133928,19.936403404664077
468.0,19.962737426215483,19.93373316211313
469.0,19.960583642740175,19.931090911048443
470.0,19.958430239016593,19.928475623588668
471.0,19.956278063751768,19.925886544401692
472.0,19.95412809554614,19.923323336942076
473.0,19.951981045681293,19.92078497695485
474.0,19.949837109090083,19.918270632154076
475.0,19.947697330040626,19.915779810787683
476.0,19.945562043305245,19.913311752746722
477.0,19.943432285729955,19.910865645540355
478.0,19.941307678515898,19.90844100240048
479.0,19.93918821810456,19.906037281569184
480.0,19.937074621542934,19.903653626130676
481.0,19.93496725455293,19.901289932778525
482.0,19.932866302856155,19.898945423641237
483.0,19.930772074561276,19.896619469185794
484.0,19.92868444528108,19.89431184368567
485.0,19.92660376807538,19.892021684797612
486.0,19.924530163028237,19.889748601511485
487.0,19.922463463743952,19.88749077248184
488.0,19.920403958841746,19.885247898120497
489.0,19.918351760526548,19.883020948899514
490.0,19.916306764236026,19.88080963227202
491.0,19.914269162943413,19.878613362849876
492.0,19.912238944170213,19.876431809840483
493.0,19.910216055589217,19.874264513003652
494.0,19.908200384694055,19.872110185965767
495.0,19.906192067688437,19.86996837669392
496.0,19.904191209777707,19.867840118736353
497.0,19.902197554736915,19.865725095265134
498.0,19.900211187279922,19.863622917824557
499.0,19.898232294137756,19.861533432653857
500.0,19.896260480136277,19.859456226509565
501.0,19.89429596355376,19.857391010492393
502.0,19.892338588460234,19.85533748420221
503.0,19.890388318663042,19.85329528056633
504.0,19.88844525596079,19.851264156786783
505.0,19.886509126120302,19.84924416705661
506.0,19.88458007184181,19.847234856661203
507.0,19.882657893829446,19.84523585394885
508.0,19.880742652384072,19.84324712518827
509.0,19.878834097836034,19.841268380970348
510.0,19.87693250995352,19.83929942258061
511.0,19.87503757129855,19.837340151962962
512.0,19.873149237465213,19.83539020892232
513.0,19.871264866791762,19.833449587118423
514.0,19.86938682210115,19.831517894675756
515.0,19.867515053819943,19.82959499595404
516.0,19.86564958133522,19.8276807639225
517.0,19.86379029418572,19.825775004005436
518.0,19.86193720582503,19.823877562480618
519.0,19.860089605831263,19.821988280774974
520.0,19.85824764799395,19.820107011960317
521.0,19.856411370944045,19.818233581396214
522.0,19.854580894628896,19.816367842078023
523.0,19.852756262011837,19.8145096535668
524.0,19.85093751909494,19.812658909086622
525.0,19.849124515382528,19.81081549666095
526.0,19.84731723809182,19.808979316685452
527.0,19.84551549033688,19.807150140183694
528.0,19.84371885764284,19.80532772567085
529.0,19.84192788892841,19.803512136072243
530.0,19.84014224247096,19.801703159831334
531.0,19.83836187028072,19.799900723812016
532.0,19.836586911519134,19.798104714859733
533.0,19.83481719861038,19.796315068673437
534.0,19.833052663003173,19.79453165144963
535.0,19.831293575651898,19.792754490964626
536.0,19.82953950484739,19.79098333663677
537.0,19.82779011268758,19.78921788625513
538.0,19.826045701072417,19.78745825749695
539.0,19.8243062146297,19.785704346997875
540.0,19.82257164576896,19.783956070686145
541.0,19.812022962661615,19.773699008586277
542.0,19.796666509901797,19.764705522061377
543.0,19.784782775911708,19.75584928567264
544.0,19.774299955969582,19.747066588613677
545.0,19.76455528893456,19.73829811060881
546.0,19.75522713790815,19.729496435093154
547.0,19.746108981508996,19.72060968112669
548.0,19.737108446671527,19.711579977075303
549.0,19.728115476919754,19.70235974114695
550.0,19.71908950548402,19.692881838022572
551.0,19.709884934913532,19.683092538451376
552.0,19.700503676976325,19.672937694237305
553.0,19.690859560387878,19.66235567195264
554.0,19.680925895916687,19.651284693134357
555.0,19.670565215501654,19.63966253994431
556.0,19.659824468318845,19.62742652727667
557.0,19.648576057997218,19.61450551260924
558.0,19.636770863815627,19.60083447330163
559.0,19.624307960885574,19.58635362936832
560.0,19.611183854886065,19.570992892885272
561.0,19.59728701021527,19.554693313348594
562.0,19.582575367597542,19.537393129964812
563.0,19.5671082236492,19.519049950228293
564.0,19.55049301527754,19.499578334212345
565.0,19.532965461055312,19.478931927247743
566.0,19.514336529342017,19.457058767298292
567.0,19.4945758046847,19.433918622239958
568.0,19.473686252842924,19.409463489857217
569.0,19.451601865134705,19.38366782458428
570.0,19.42823184726808,19.356495077861496
571.0,19.403504532402167,19.32791798643143
572.0,19.377503675703963,19.297912409057517
573.0,19.350094791625963,19.266458335748837
574.0,19.32133308892702,19.233531458578
575.0,19.29114431254135,19.199127932410136
576.0,19.25948861305551,19.163248496192068
577.0,19.22637267627016,19.125897282085077
578.0,19.191867074059417,19.087079038003253
579.0,19.15580077134541,19.04679273956782
580.0,19.118322246741684,19.005049906145302
581.0,19.079368380820483,18.9618748542037
582.0,19.038973693696846,18.91728869353915
583.0,18.99710437618745,18.871317869638972
584.0,18.953869748132945,18.82397562491451
585.0,18.909213550565937,18.77530151235959
586.0,18.863192272312972,18.725327712022533
587.0,18.81581814762876,18.674091221239564
588.0,18.76713859787492,18.62162669026577
589.0,18.717180553871913,18.56797313900546
590.0,18.665954742770737,18.513167459315866
591.0,18.61349994665113,18.457260187779752
592.0,18.559879228877378,18.400279887001886
593.0,18.505132765000383,18.342266220384715
594.0,18.449297174224796,18.283267980867322
595.0,18.392376363354572,18.223338530293233
596.0,18.3344163877415,18.162529691811812
597.0,18.275412773050903,18.100902223683306
598.0,18.215633840662747,18.03850317182588
599.0,18.154958303804733,17.97539309568066
600.0,18.093424808913483,17.91162407623534
601.0,18.03105039812118,17.847250667834203
602.0,17.968076013162374,17.78232200360611
603.0,17.90448235336453,17.7168937268504
604.0,17.840269557850206,17.651019422600825
605.0,17.775476179597433,17.58474783723244
606.0,17.710088041555935,17.518141879486336
607.0,17.644452105860864,17.451236714450033
608.0,17.578362481162912,17.38408931551197
609.0,17.511908339210777,17.316744794255555
610.0,17.445170941907918,17.24925071295803
611.0,17.378208130171515,17.181656266101243
612.0,17.311035200151196,17.114001994992805
613.0,17.243732416785406,17.046335816690032
614.0,17.17633943545576,16.97869513339407
615.0,17.108879947326102,16.911118670323788
616.0,17.04141055087996,16.843645745090384
617.0,16.973957153683386,16.776316710937465
618.0,16.90659217084351,16.70916812081242
619.0,16.839319874310206,16.642230864512555
620.0,16.77219159189133,16.575539059518746
621.0,16.705232687957334,16.50911921284893
622.0,16.63850488820566,16.44299647842979
623.0,16.572027064430017,16.377184659778663
624.0,16.505815279840306,16.311703822965512
625.0,16.43992169016815,16.24658129384295
626.0,16.374354845877747,16.181845821200056
627.0,16.30913262243746,16.117516252662483
628.0,16.244210379667834,16.053619544360345
629.0,16.179656620356866,15.990178007514487
630.0,16.115498211987074,15.927219785449495
631.0,16.098570766487512,15.9226765039881
632.0,16.06979989916823,15.922786386496853
633.0,16.045481088655663,15.922862974804787
634.0,16.025831340182265,15.922909661064011
635.0,16.009931005945703,15.922927366649617
636.0,15.996947514479984,15.922917374023712
637.0,15.986234413668853,15.922880690686782
638.0,15.977299161332667,15.922818157295978
639.0,15.969765711245827,15.922730826006386
640.0,15.963345387036554,15.922619551959087
641.0,15.957814536214528,15.922485126710058
642.0,15.953004959071905,15.922328186359152
643.0,15.948772204371437,15.922149704860146
644.0,15.945015809286588,15.921950410492457
645.0,15.94165208046428,15.921730995883479
646.0,15.938613825378752,15.92149213184257
647.0,15.935847230291756,15.92123446420419
648.0,15.933309051735705,15.92095861213977
649.0,15.930964014074334,15.920665160807005
650.0,15.928783359303907,15.920354686052804
651.0,15.92674646881187,15.920027606039582
652.0,15.92482742708006,15.91968458607704
653.0,15.92301341152455,15.919326171710622
654.0,15.921291001216446,15.918952851750305
655.0,15.919648752650573,15.918565096151553
656.0,15.91807828789041,15.918163360790686
657.0,15.91657059233421,15.917748087740847
658.0,15.915118434331873,15.917319697937728
659.0,15.913715676408799,15.916878607321394
660.0,15.91235701342788,15.916425207593193
661.0,15.911037497040581,15.915959887728718
662.0,15.909753284590181,15.915482995978834
663.0,15.908500952590884,15.914994893516166
664.0,15.907277479501545,15.914495923499658
665.0,15.906080215830343,15.913986419061587
666.0,15.90490676390931,15.913466696107776
667.0,15.90375461385679,15.91293698653027
668.0,15.902622068252697,15.912397684221048
669.0,15.901507472546086,15.91184906100142
670.0,15.900409462631615,15.911291403157009
671.0,15.899326561423209,15.91072494657817
672.0,15.898257701267198,15.91015000657086
673.0,15.897201729377173,15.909566758463711
674.0,15.89615777126977,15.908975493371088
675.0,15.895123846615775,15.908376411840209
676.0,15.89410033715194,15.907769761616521
677.0,15.893086450461169,15.907155733805325
678.0,15.892081527694643,15.906534557631403
679.0,15.891084901264207,15.905906431008702
680.0,15.890095944718723,15.905271543676236
681.0,15.889114078071486,15.904630063005754
682.0,15.888138837978602,15.90398219061592
683.0,15.887169790512473,15.903328120217736
684.0,15.88620648508288,15.902667986937104
685.0,15.885248540654004,15.902001964267924
686.0,15.884295604532326,15.901330208791933
687.0,15.883347462384108,15.900652892677329
688.0,15.882405064479826,15.899970261708233
689.0,15.88146545887571,15.89928227478805
690.0,15.88052942431625,15.898589083949162
691.0,15.879597048479809,15.897890875917938
692.0,15.878668134628242,15.897187797804293
693.0,15.877742482100587,15.896479983891538
694.0,15.87681978030895,15.895767498976568
695.0,15.875899882114425,15.8950504930487
696.0,15.874982611868006,15.894329071067602
697.0,15.874067828847728,15.89360335940438
698.0,15.873155504610395,15.8928734836432
699.0,15.872245222137849,15.892139491047999
700.0,15.871337049634803,15.891401502273311
701.0,15.870430781974278,15.890659628252422
702.0,15.869526367387039,15.8899139590186
703.0,15.86862457139955,15.889164650219186
704.0,15.86772360199592,15.888411683513255
705.0,15.866823791786487,15.887655123912566
706.0,15.865925545938694,15.88689512681276
707.0,15.86502871351172,15.8861317609543
708.0,15.864133133765222,15.885365082755982
709.0,15.863238828836415,15.8845951945936
710.0,15.862345648183464,15.883822154318182
711.0,15.861453578456462,15.883046037456268
712.0,15.86056241038159,15.882266884457863
713.0,15.859672298681687,15.881484770351847
714.0,15.85878295320407,15.880699750182998
715.0,15.857894456926601,15.879911934924053
716.0,15.85700676192198,15.879121355802681
717.0,15.856119834685785,15.878328067223663
718.0,15.855233615945735,15.877532133625436
719.0,15.854348072836217,15.876733607371932
720.0,15.85346312866659,15.87593254663301
721.0,19.95515265849872,16.06820129816981
722.0,20.003094873951113,16.563862224874924
723.0,20.003994223836116,17.184637133835565
724.0,20.004134218585136,17.798212028228534
725.0,20.00419167997319,18.330370038302135
726.0,20.004220259045724,18.757871888934403
727.0,20.004236420824498,19.08523572832007
728.0,20.004246639612006,19.328396167439735
729.0,20.00425374605578,19.50598599228806
730.0,20.004259089895584,19.63463698105346
731.0,20.004263362482334,19.727552228984166
732.0,20.00426693944462,19.794690120435178
733.0,20.00427003408157,19.84334026420845
734.0,20.004272782907492,19.878749674731807
735.0,20.004275268590334,19.90467026665641
736.0,20.004277545712455,19.923769082695742
737.0,20.004279651962804,19.93794126790152
738.0,20.004281613507374,19.9485371369193
739.0,20.004283450596063,19.956521878028354
740.0,20.004285178838984,19.962588637639783
741.0,20.004286810466283,19.967237724461654
742.0,20.00428835494324,19.970832302443625
743.0,20.00428982130967,19.97363740046427
744.0,20.00429121419029,19.975847519764102
745.0,20.004292546058366,19.97760663147244
746.0,20.004293813401205,19.979022436021523
747.0,20.00429502684159,19.980173478843994
748.0,20.004296184685472,19.98112013091702
749.0,20.004297299570908,19.981908011878772
750.0,20.004298364759904,19.982571565879482
751.0,20.004299388889194,19.983137191699484
752.0,20.004300373983824,19.983625072336395
753.0,20.00430131778137,19.98405078859139
754.0,20.004302228336314,19.98442667149783
755.0,20.004303104069834,19.984762061269976
756.0,20.004303948067616,19.985064441995405
757.0,20.004304761277183,19.985339719332785
758.0,20.004305546305147,19.985592441977815
759.0,20.00430630669132,19.985826556104485
760.0,20.004307040112337,19.98604472509618
761.0,20.004307749717555,19.986249577242802
762.0,20.00430843757863,19.986443129070153
763.0,20.004309101793297,19.986626613215776
764.0,20.00430974638664,19.98680147122559
765.0,20.00431037038277,19.98696870998839
766.0,20.004310975930593,19.987129249126554
767.0,20.004311563338433,19.98728379322239
768.0,20.004312133506687,19.987432928199894
769.0,20.00431268669638,19.98757712168873
770.0,20.00431322441142,19.987716841251256
771.0,20.00431374790537,19.98785249937015
772.0,20.00431425591421,19.9879843197225
773.0,20.004314749728735,19.98811255818532
774.0,20.004315230725467,19.988237501138087
775.0,20.00431569900428,19.98835933219425
776.0,20.00431615511866,19.98847824297866
777.0,20.00431659952892,19.988594380930408
778.0,20.004317032316806,19.988707857236875
779.0,20.004317454506918,19.98881884615122
780.0,20.004317866060717,19.988927406238986
781.0,20.004318267794872,19.989033696278284
782.0,20.004318659598994,19.989137761926088
783.0,20.004319042328007,19.989239732422504
784.0,20.00431941667796,19.98933972879246
785.0,20.00431978065609,19.98943762236439
786.0,20.004320137099512,19.9895337206097
787.0,20.00432048568632,19.989627897625383
788.0,20.004320826560388,19.989720333268906
789.0,20.004321159548226,19.989811029284567
790.0,20.004321485895105,19.989900158629666
791.0,20.00432180472353,19.98998759036084
792.0,20.004322116897356,19.990073468357878
793.0,20.004322421881568,19.99015781404779
794.0,20.004322722252653,19.9902407339398
795.0,20.00432301565695,19.990322217337166
796.0,20.004323302928356,19.990402286630456
797.0,20.00432358419164,19.990480967540236
798.0,20.004323860182126,19.990558336387778
799.0,20.004324130575696,19.990634396861765
800.0,20.004324396135928,19.990709218532686
801.0,20.00432465610038,19.990782785626777
802.0,20.00432491132665,19.99085515021892
803.0,20.004325161739757,19.990926355314343
804.0,20.0043254076366,19.99099642565784
805.0,20.004325649256714,19.991065405592906
806.0,20.004325886267168,19.991133286405898
807.0,20.00432611915636,19.991200121379507
808.0,20.00432634772278,19.99126590737734
809.0,20.00432657244062,19.99133068193356
810.0,20.00432679327696,19.991394471326828
811.0,19.99811704938253,19.986905957529245
812.0,19.996678624632978,19.9841548949787
813.0,19.99517778068133,19.981444483562427
814.0,19.993621209357798,19.97877205966597
815.0,19.99201801574236,19.976136145624082
816.0,19.990375962322503,19.97353554953156
817.0,19.988701541429634,19.97096908803894
818.0,19.98700016585849,19.968435607950482
819.0,19.985276221097934,19.965934120101565
820.0,19.98353362018429,19.96346335339217
821.0,19.98177548995136,19.961022540300178
822.0,19.98000465761521,19.958610650988305
823.0,19.97822361264599,19.95622671637159
824.0,19.97643427420303,19.95386989286027
825.0,19.97463840782285,19.951539345184813
826.0,19.972837563347184,19.949234241438376
827.0,19.971032975949583,19.946953851337696
828.0,19.96922592318117,19.94469729600445
829.0,19.967417255998953,19.942463873357667
830.0,19.96560803810138,19.94025293199286
831.0,19.96379897902949,19.938063776685283
832.0,19.961990778426355,19.935895728641242
833.0,19.960184029692073,19.93374817989809
834.0,19.958379253044882,19.93162048526932
835.0,19.956576986355344,19.929512107254254
836.0,19.954777581600126,19.92742246329027
837.0,19.952981350977552,19.92535103492321
838.0,19.951188710168026,19.923297305157234
839.0,19.94940005591843,19.92126077364418
840.0,19.947615321814624,19.919240853781673
841.0,19.9458349759675,19.9172372406357
842.0,19.944059112918012,19.91524942132986
843.0,19.942288019277612,19.91327695212584
844.0,19.94052171828571,19.911319494033023
845.0,19.938760375340507,19.909376541983647
846.0,19.93700413465575,19.907447713761314
847.0,19.935253211078134,19.90553264074066
848.0,19.933507628207906,19.903630980856065
849.0,19.931767064340818,19.90174239581546
850.0,19.93003185221312,19.89986658426517
851.0,19.92830208253764,19.898003126562003
852.0,19.926577780376476,19.89615172047047
853.0,19.9248588500883,19.894312157036268
854.0,19.923145383453402,19.89248411012204
855.0,19.921437362774668,19.890667261288968
856.0,19.919734829442632,19.888861338981542
857.0,19.91803774326968,19.887065999119557
858.0,19.91634617848996,19.885280669549275
859.0,19.914660061232382,19.883504760449853
860.0,19.912979465338367,19.881737814511382
861.0,19.911304256896813,19.87998063851228
862.0,19.909634394189197,19.8782330501636
863.0,19.907969987460774,19.876494647930826
864.0,19.90631093652803,19.8747653527181
865.0,19.90465710249532,19.87304495488314
866.0,19.903008572637702,19.87133327700184
867.0,19.901365320325397,19.869629962389183
868.0,19.899727290176145,19.867934948310847
869.0,19.898094486481796,19.866248071054542
870.0,19.896466769453298,19.864568985613005
871.0,19.894844096326096,19.862897682813696
872.0,19.89322658691674,19.86123388079602
873.0,19.891614107989426,19.85957697306668
874.0,19.890006504547614,19.857926919144973
875.0,19.888403873155312,19.856283582936896
876.0,19.88680615337853,19.854647351864003
877.0,19.885213241587962,19.853018048605634
878.0,19.883625175644738,19.851395549459482
879.0,19.88204200781314,19.849779582416147
880.0,19.88046345099889,19.84817013591112
881.0,19.878889510301065,19.846567125394074
882.0,19.87732013716459,19.844970332941443
883.0,19.875755347819677,19.84337979570506
884.0,19.87419514826206,19.841795160551555
885.0,19.87263946158299,19.840216407463515
886.0,19.871088260748877,19.83864344864429
887.0,19.86954149612012,19.837076151115355
888.0,19.867998985748272,19.83551449152992
889.0,19.866459477262083,19.833958322538138
890.0,19.864924080279195,19.832407628986005
891.0,19.863392708364984,19.830862096706028
892.0,19.861865233095557,19.82932181170827
893.0,19.86034187344228,19.827786698785587
894.0,19.858822376195008,19.82625652157816
895.0,19.85730681203131,19.824731315066856
896.0,19.855795196024815,19.82321091144803
897.0,19.854287419418085,19.82169545893288
898.0,19.852783605804177,19.82018455822282
899.0,19.85128350395445,19.818678245932063
900.0,19.849787245613868,19.817176520845464
901.0,19.84122148807853,19.807961187698822
902.0,19.827963567271354,19.799978289124113
903.0,19.817578199256218,19.792107575687282
904.0,19.808375251383836,19.784293431038122
905.0,19.799757013523504,19.77649038006632
906.0,19.79150118687801,19.768651678328126
907.0,19.783416380727942,19.760732500073175
908.0,19.775420869394566,19.752688013464592
909.0,19.767466787042622,19.744472382324773
910.0,19.759391365848387,19.736041831990065
911.0,19.75119280720088,19.727351298609165
912.0,19.742878658450763,19.71834181013253
913.0,19.734331460689873,19.708970503631917
914.0,19.72552123193168,19.69916794175174
915.0,19.716409325904408,19.68888498489656
916.0,19.70688647057574,19.67807618829744
917.0,19.696929962387458,19.66668144065403
918.0,19.68648943750361,19.654644543445784
919.0,19.67550972583831,19.641909852017704
920.0,19.66393396653467,19.62842190174058
921.0,19.651730652316303,19.614125150987775
922.0,19.63880374408393,19.598964818238358
923.0,19.625104850164746,19.582897076280574
924.0,19.610612354505065,19.56586761883557
925.0,19.59524215631444,19.547825017345474
926.0,19.57901838150974,19.52873425396831
927.0,19.56177285620538,19.508539770898665
928.0,19.54354108151,19.48720737643248
929.0,19.524239027769283,19.46469866046499
930.0,19.503834121178272,19.440987740947207
931.0,19.482272195350447,19.416044888416366
932.0,19.45962574717464,19.389843706840395
933.0,19.43571330964693,19.362385770779383
934.0,19.410622836816685,19.33365021400664
935.0,19.384147898978597,19.303625838132973
936.0,19.35659296324195,19.27229111596347
937.0,19.32773667166913,19.23964994098924
938.0,19.29758049242065,19.20570649043958
939.0,19.266120574489946,19.17046986483558
940.0,19.233314136746003,19.133950229937682
941.0,19.199324393660618,19.096154472851254
942.0,19.163992096415313,19.057093607307195
943.0,19.127382285949693,19.01680103701608
944.0,19.089520065828083,18.975291391424605
945.0,19.050401353310576,18.93258654793175
946.0,19.01006379280244,18.888713834069733
947.0,18.968508905367912,18.843706540612516
948.0,18.925777975540086,18.797594250564032
949.0,18.88189600633359,18.750407128802124
950.0,18.836886352904287,18.702180821356194
951.0,18.79078950421342,18.652949227149577
952.0,18.743631579902967,18.60274887918706
953.0,18.695452389925094,18.551617900298254
954.0,18.646285458343073,18.499588958606637
955.0,18.596155027469422,18.44670290356612
956.0,18.545089708675505,18.39299153398514
957.0,18.49314857348594,18.338495545056844
958.0,18.440358971990634,18.283259224610106
959.0,18.38674280949681,18.227325228811083
960.0,18.33232584665126,18.170740481411315
961.0,18.27713253201614,18.1135545160339
962.0,18.22134934825226,18.055809364994843
963.0,18.1648719918482,17.997556638000503
964.0,18.107825547970492,17.93883363543057
965.0,18.050143395349494,17.879687163229846
966.0,17.99202680663211,17.820158778795133
967.0,17.933465329285013,17.76029401367532
968.0,17.874476081455896,17.700136036370793
969.0,17.815079942575267,17.639722280283934
970.0,17.75527864924129,17.579100677561655
971.0,17.69532977299417,17.518304274844297
972.0,17.635090740879434,17.457372830226916
973.0,17.57461331603139,17.396346128732205
974.0,17.513967368599992,17.33525863439803
975.0,17.453124858089097,17.274156093329964
976.0,17.39232457448702,17.213057472339983
977.0,17.3314009912271,17.152003664419908
978.0,17.270424079619772,17.091034063977986
979.0,17.209532070314367,17.030158048627868
980.0,17.148647013391553,16.9694187292219
981.0,17.087840255059916,16.908845700073527
982.0,17.027130544552904,16.848465310078552
983.0,16.966574839752013,16.788301347662184
984.0,16.906178062670733,16.728380654453304
985.0,16.84597929505145,16.66872447596296
986.0,16.785989272828544,16.609357466293318
987.0,16.726244416491454,16.55029774252381
988.0,16.66675949012921,16.49156187288935
989.0,16.607556533606214,16.433161024414574
990.0,16.54867341775929,16.37510548590376
991.0,16.531641497668375,16.371027919561868
992.0,16.502317957846117,16.371167305336428
993.0,16.477549114894373,16.371275359203594
994.0,16.45756850246795,16.371354542180825
995.0,16.441430782577584,16.371405781823512
996.0,16.428272695620763,16.371430215997464
997.0,16.417429511530486,16.371428836536438
998.0,16.408400858581956,16.371402483674558
999.0,16.400800986770378,16.371352124918076
1000.0,16.394334229962624,16.37127858341495
1001.0,16.388777315133893,16.371182648491867
1002.0,16.383942671971624,16.371065098539987
1003.0,16.379698971695177,16.370926634050818
1004.0,16.3759379744954,16.370767917966646
1005.0,16.372574466394838,16.370589682540924
1006.0,16.369541757816705,16.37039249979614
1007.0,16.366785062622967,16.37017705512835
1008.0,16.36426000269398,16.36994386845913
1009.0,16.361929677006458,16.369693594008822
1010.0,16.359766045113417,16.369426706483978
1011.0,16.35774504664056,16.369143707381
1012.0,16.35584698180037,16.36884521507801
1013.0,16.354055285755294,16.368531722351065
1014.0,16.35235619667958,16.368203703890572
1015.0,16.350738118071604,16.367861603437404
1016.0,16.34919131060326,16.367505835759232
1017.0,16.34770747349404,16.36713685049557
1018.0,16.346279498013928,16.36675498582099
1019.0,16.344901278882446,16.366360647508486
1020.0,16.343567600645315,16.365954296704842
1021.0,16.342273858125566,16.3655362224668
1022.0,16.34101610770017,16.365106855415377
1023.0,16.33979072830232,16.364666536578056
1024.0,16.338594708509333,16.36421558935109
1025.0,16.33742532190564,16.363754259767006
1026.0,16.33628030522641,16.36328291717649
1027.0,16.33515750163366,16.36280176211045
1028.0,16.334055029970102,16.362311169834754
1029.0,16.332971236564504,16.361811387972125
1030.0,16.331904598409267,16.361302705411504
1031.0,16.330853694025507,16.360785374451723
1032.0,16.329817309782243,16.360259650293244
1033.0,16.328794360895245,16.35972572234641
1034.0,16.327783748173033,16.35918385237244
1035.0,16.326784662418504,16.358634250488535
1036.0,16.325796170542674,16.35807717076267
1037.0,16.32481750406464,16.357512777876423
1038.0,16.323848030498198,16.356941304673228
1039.0,16.322887051260523,16.356362956591227
1040.0,16.321933974164494,16.355777910260713
1041.0,16.320988261194145,16.35518635203732
1042.0,16.320049332920178,16.354588410909514
1043.0,16.31911694203467,16.353984289646064
1044.0,16.31819059190616,16.353374145321084
1045.0,16.317269716674218,16.352758116873986
1046.0,16.316354110962322,16.35213638918526
1047.0,16.315443373148298,16.351509105592527
1048.0,16.31453729803468,16.350876406904717
1049.0,16.31363541522967,16.350238394714154
1050.0,16.312737584100603,16.349595233136597
1051.0,16.311843601499902,16.348947076379147
1052.0,16.310953109802256,16.348294014862233
1053.0,16.310065995174,16.347636157480224
1054.0,16.309181949567574,16.346973543503395
1055.0,16.308300829227733,16.346306396283126
1056.0,16.307422481392678,16.34563481204151
1057.0,16.306546634797314,16.3449588655115
1058.0,16.30567319716846,16.34427868955987
1059.0,16.304802041551284,16.343594383015613
1060.0,16.303932945858207,16.34290603855254
1061.0,16.303065783633826,16.34221373845014
1062.0,16.302200593635007,16.34151759303279
1063.0,16.301337145379875,16.34081760542739
1064.0,16.30047545144629,16.340113917083784
1065.0,16.299615301554923,16.339406618529324
1066.0,16.29875658296379,16.338695779220757
1067.0,16.297899309412514,16.337981501515912
1068.0,16.297043354707455,16.337263784338234
1069.0,16.296188647525014,16.336542727369704
1070.0,16.295335173979083,16.33581846972845
1071.0,16.294482724784984,16.33509103951377
1072.0,16.293631365153487,16.334360487308118
1073.0,16.292781073546394,16.333626918150117
1074.0,16.291931662626553,16.33289039424801
1075.0,16.291083059652692,16.332150946554293
1076.0,16.290235354140748,16.33140866608761
1077.0,16.289388434456896,16.330663578975475
1078.0,16.288542150909507,16.3299157384036
1079.0,16.287696599754725,16.32916522544423
1080.0,16.286851638174824,16.328412064067948
1081.0,19.96026643318163,16.501263408599414
1082.0,20.003231163606756,16.94273192709386
1083.0,20.00407778938603,17.50067306219688
1084.0,20.004173106348105,18.062146453427545
1085.0,20.004216494501634,18.539827362608605
1086.0,20.00423908919646,18.91838089652356
1087.0,20.004252305991486,19.20542028222667
1088.0,20.004260874007286,19.417354271158445
1089.0,20.00426693888471,19.571622055977286
1090.0,20.004271557244977,19.683170891393218
1091.0,20.004275284307823,19.76366598238718
1092.0,20.00427842553296,19.821818579164642
1093.0,20.004281158620813,19.86396766534517
1094.0,20.004283591908916,19.894665969371886
1095.0,20.00428579552954,19.917156437056974
1096.0,20.004287816060526,19.93374325771481
1097.0,20.00428968585004,19.94606410258922
1098.0,20.004291428022157,19.955285926518684
1099.0,20.004293061127328,19.962242635996006
1100.0,20.004294594556995,19.967533843787237
1101.0,20.00429604799342,19.971593947759118
1102.0,20.00429742235201,19.97473667559217
1103.0,20.004298727895957,19.97719152959462
1104.0,20.00429996768912,19.979126842551352
1105.0,20.004301149931052,19.98067017230727
1106.0,20.004302274533643,19.981913115372947
1107.0,20.004303355165234,19.982924839650934
1108.0,20.004304385818614,19.983757898426063
1109.0,20.004305373768602,19.984451913022383
1110.0,20.00430632035261,19.98503681995834
1111.0,20.004307228578,19.985535864652377
1112.0,20.00430810071873,19.985966512267566
1113.0,20.004308939132443,19.986342856212616
1114.0,20.004309748332446,19.986675386485786
1115.0,20.004310523843742,19.9869722166531
1116.0,20.00431127352772,19.987240079151263
1117.0,20.004311995238425,19.98748395769138
1118.0,20.00431269304312,19.987708094696757
1119.0,20.004313367385976,19.987915751043545
1120.0,20.00431401788859,19.988109389492706
1121.0,20.004314648803415,19.98829121933977
1122.0,20.004315256829443,19.988462817459663
1123.0,20.004315846279894,19.98862566338147
1124.0,20.004316417227756,19.98878084598192
1125.0,20.004316970912896,19.988929304924056
1126.0,20.004317507168253,19.989071750910796
1127.0,20.00431802711347,19.989208832691645
1128.0,20.004318531675892,19.989341070258547
1129.0,20.004319021038782,19.98946894000676
1130.0,20.004319498492123,19.98959293553139
1131.0,20.004319961060844,19.989713232057397
1132.0,20.00432041098702,19.98983015473516
1133.0,20.004320848588293,19.989943919813243
1134.0,20.00432127378201,19.99005470418024
1135.0,20.004321687926165,19.990162709176104
1136.0,20.004322091266488,19.99026812786701
1137.0,20.00432248429371,19.990371096764534
1138.0,20.004322866853556,19.990471685514592
1139.0,20.004323239978362,19.990570054493276
1140.0,20.004323603787327,19.99066629543256
1141.0,20.00432395949923,19.990760643778515
1142.0,20.004324304705733,19.990852778018905
1143.0,20.00432464237423,19.99094307589195
1144.0,20.00432497229383,19.991031586422594
1145.0,20.004325294464934,19.99111835086154
1146.0,20.004325609140096,19.991203421489104
1147.0,20.00432591678475,19.99128687516685
1148.0,20.004326217423625,19.991368736296806
1149.0,20.004326511346108,19.99144906698166
1150.0,20.004326798844602,19.99152791781188
1151.0,20.004327080035296,19.99160532854745
1152.0,20.00432735539482,19.99168133897666
1153.0,20.00432762478846,19.991755988917305
1154.0,20.004327888403054,19.991829304442547
1155.0,20.004328146634464,19.99190132756536
1156.0,20.004328399603253,19.991972102318073
1157.0,20.00432864751491,19.992041666301134
1158.0,20.00432889053974,19.992110056050535
1159.0,20.00432912862118,19.99217727937338
1160.0,20.004329361943974,19.99224336420457
1161.0,20.004329590793304,19.992308346604716
1162.0,20.00432981530207,19.992372232802722
1163.0,20.004330035720614,19.99243512171512
1164.0,20.00433025204444,19.992496988968355
1165.0,20.00433046416822,19.992557851684637
1166.0,20.004330672495712,19.99261774180127
1167.0,20.004330877035954,19.992676690221572
1168.0,20.004331077936456,19.992734716043003
1169.0,20.004331275306697,19.992791848288505
1170.0,20.00433146916862,19.992848093004227
1171.0,19.998566394583975,19.98870693965148
1172.0,19.99730036723298,19.986254488879467
1173.0,19.995978685858972,19.983838413279727
1174.0,19.99460618832046,19.98145583880273
1175.0,19.993190779364284,19.9791056596016
1176.0,19.99173963887,19.976786813583487
1177.0,19.990258716679136,19.974498106593728
1178.0,19.988752862970557,19.972238838012743
1179.0,19.987226347392607,19.970007850488173
1180.0,19.98568262424658,19.967804304178514
1181.0,19.984124602503925,19.96562725851868
1182.0,19.982554777556288,19.963475754332592
1183.0,19.980975268900238,19.961349062029285
1184.0,19.979387916533142,19.959246371446568
1185.0,19.977794317292364,19.957166944865378
1186.0,19.97619579896923,19.955110034224333
1187.0,19.974593493267832,19.95307492918971
1188.0,19.97298857521497,19.951060977779036
1189.0,19.971381755272887,19.94906750642872
1190.0,19.96977411216517,19.947093881069975
1191.0,19.96816608719996,19.945139573951337
1192.0,19.966558399780922,19.943203961034442
1193.0,19.96495158780425,19.941286492334427
1194.0,19.963346268103578,19.939386621084566
1195.0,19.961742551680175,19.937503798508885
1196.0,19.96014095088043,19.935637568792686
1197.0,19.958541858777153,19.93378743509396
1198.0,19.95694551565731,19.931952957429587
1199.0,19.955352282500144,19.930133647964055
1200.0,19.95376223687714,19.928329065658318
1201.0,19.952175604755098,19.926538898263345
1202.0,19.95059259754686,19.924762662070577
1203.0,19.949013377501444,19.922999975858318
1204.0,19.94743803601756,19.921250426997858
1205.0,19.945866696085318,19.919513793642466
1206.0,19.94429952603923,19.917789593784846
1207.0,19.942736572198783,19.916077637338276
1208.0,19.941177950738336,19.914377507116455
1209.0,19.939623694481668,19.912688878930226
1210.0,19.93807380213468,19.911011477903628
1211.0,19.936528410329856,19.909345015021188
1212.0,19.93498748480789,19.90768916779956
1213.0,19.93345114442792,19.906043746820615
1214.0,19.931919357406912,19.904408440408417
1215.0,19.930391980858474,19.902783093636117
1216.0,19.928869144015835,19.901167349247714
1217.0,19.927350890537184,19.899560947241127
1218.0,19.925837117432252,19.897963746779737
1219.0,19.924327927028855,19.896375559882017
1220.0,19.922823297591663,19.89479605780042
1221.0,19.92132318155302,19.89322517707899
1222.0,19.919827569187817,19.89166264038363
1223.0,19.91833642390185,19.89010820019331
1224.0,19.916849761224285,19.888561692893916
1225.0,19.915367523929945,19.887022955863927
1226.0,19.913889705014526,19.885491787762533
1227.0,19.912416335040973,19.883967993673195
1228.0,19.910947300406406,19.882451391859888
1229.0,19.90948265533501,19.880941191666977
1230.0,19.908022297430534,19.879437624495154
1231.0,19.906566221918183,19.877940342204283
1232.0,19.905114388545883,19.87644979082313
1233.0,19.903666783470953,19.874965829922075
1234.0,19.90222338054457,19.8734882853841
1235.0,19.900784106656147,19.87201677699437
1236.0,19.89934892453948,19.870551538237805
1237.0,19.897917755828075,19.869092416817523
1238.0,19.896490676374015,19.867639139075663
1239.0,19.89506755551139,19.866191778691984
1240.0,19.893648396458673,19.864750080425267
1241.0,19.892233151295102,19.863313922613656
1242.0,19.89082189714054,19.8618832119098
1243.0,19.889414522671984,19.8604578007471
1244.0,19.888010947036605,19.859037539560802
1245.0,19.8866111316741,19.857622427268097
1246.0,19.885214974422297,19.856212252829096
1247.0,19.883822537167134,19.854807190596432
1248.0,19.882433833121468,19.853406970392143
1249.0,19.88104874068199,19.852011454317733
1250.0,19.879667257786366,19.85062054923577
1251.0,19.878289331056408,19.84923411089676
1252.0,19.876914898536427,19.84785209974308
1253.0,19.875543989424727,19.84647430849583
1254.0,19.874176532902766,19.845100665315044
1255.0,19.87281225966376,19.84373120188758
1256.0,19.87145151444639,19.84236577687193
1257.0,19.870094307638226,19.84100439143009
1258.0,19.8687404017399,19.839647235383268
1259.0,19.867389846274023,19.838294111252196
1260.0,19.866042519534346,19.836944887632967
1261.0,19.858509562630786,19.82840060398695
1262.0,19.846534754417462,19.821072399650575
1263.0,19.837078510472963,19.813839870707966
1264.0,19.828661377690707,19.80665534010302
1265.0,19.820799104451055,19.799475753547256
1266.0,19.813239954156586,19.792259722761514
1267.0,19.805861409136924,19.784966886703216
1268.0,19.798512820116628,19.777558573598526
1269.0,19.79116688157069,19.76999400230551
1270.0,19.783785115704916,19.762229260672598
1271.0,19.776264998285342,19.75422453945754
1272.0,19.768596068777924,19.74593437749678
1273.0,19.760746499823483,19.73731155230763
1274.0,19.752633901428283,19.72831404372596
1275.0,19.744193539743492,19.71889057021059
1276.0,19.735459224165936,19.708985438653542
1277.0,19.726290346646067,19.6985530672805
1278.0,19.716765101058854,19.687529224422804
1279.0,19.706735495976318,19.67587269177386
1280.0,19.69613867865212,19.663532979378317
1281.0,19.684955476966877,19.650457851223678
1282.0,19.673147229639312,19.636604792291507
1283.0,19.660629821255668,19.62192292382275
1284.0,19.64736041386675,19.606366893875588
1285.0,19.633324264441,19.589895066045358
1286.0,19.618470023846726,19.572467600466325
1287.0,19.60272281162719,19.554045526886284
1288.0,19.586106126044,19.5345848595922
1289.0,19.568525627277836,19.514070376677353
1290.0,19.54990690885529,19.492456812270632
1291.0,19.53028826488719,19.469712593829115
1292.0,19.5096018342378,19.445824866341752
1293.0,19.48781693853482,19.42077610434967
1294.0,19.464875575998576,19.39455356915022
1295.0,19.44075671081555,19.367148000027214
1296.0,19.415674963557763,19.338550788182147
1297.0,19.38933506549131,19.308756756095192
1298.0,19.361797994205062,19.27776134793561
1299.0,19.333111119585965,19.245568520565655
1300.0,19.303223382277338,19.21219085463531
1301.0,19.27211157152385,19.177641995596275
1302.0,19.239844394588772,19.14193126556313
1303.0,19.20639042240964,19.105071388985323
1304.0,19.171790244162196,19.067085251675906
1305.0,19.136024643455357,19.027994588394677
1306.0,19.09910446464187,18.98782585225439
1307.0,19.061107579948782,18.946594705575365
1308.0,19.02200521412857,18.904332869035898
1309.0,18.981817195970336,18.861072876024195
1310.0,18.940588346570166,18.816844184499928
1311.0,18.898337733052188,18.771680890486778
1312.0,18.85509915586408,18.725617806697528
1313.0,18.810903213642405,18.678685655370998
1314.0,18.765782938849043,18.630918382842935
1315.0,18.71977198034807,18.582351376172426
1316.0,18.672863767105184,18.533025212017776
1317.0,18.625209644465656,18.48296526077837
1318.0,18.57673831410557,18.43220316563236
1319.0,18.52751754362788,18.380773541178712
1320.0,18.477553466308677,18.328717561601138
1321.0,18.426898531053837,18.276075868598127
1322.0,18.3755772278854,18.222885983952665
1323.0,18.323615966160105,18.16919012739737
1324.0,18.271120863452836,18.11502998928006
1325.0,18.21799318013518,18.060448979979412
1326.0,18.164398308616455,18.00548761606626
1327.0,18.110402492465482,17.950176423272126
1328.0,18.05594293084664,17.894554999255774
1329.0,18.001148858997567,17.8386643550935
1330.0,17.94596394142394,17.78254478587462
1331.0,17.89045691144611,17.726228256098807
1332.0,17.83469509642117,17.66974611901145
1333.0,17.778648330902968,17.61314095641484
1334.0,17.72249914865813,17.556443772033845
1335.0,17.66621109126845,17.49967659528835
1336.0,17.609748256806597,17.442881442964847
1337.0,17.553146888136837,17.386093159351674
1338.0,17.496575651963724,17.32932243739657
1339.0,17.439937714482994,17.272613095323322
1340.0,17.38328681942363,17.215986138738174
1341.0,17.32667071359623,17.159471915737356
1342.0,17.27011523846545,17.103095523896172
1343.0,17.213631755300298,17.046880575174043
1344.0,17.15727374369459,16.990851232836974
1345.0,17.101054232378374,16.93502747114252
1346.0,17.044986359144275,16.87943060437601
1347.0,16.989113152774223,16.82407986914768
1348.0,16.93342975532903,16.76899420246849
1349.0,16.87797903357182,16.714195908051124
1350.0,16.822791025135416,16.659690153292786
1351.0,16.806369930906214,16.65597800211475
1352.0,16.777492771798563,16.65614715177594
1353.0,16.75314943410217,16.65628552695574
1354.0,16.733526959185042,16.656395869770847
1355.0,16.717701735623905,16.656479124239752
1356.0,16.704818689760998,16.656536408367117
1357.0,16.694220514213953,16.656568600010587
1358.0,16.68540755268367,16.656576682447792
1359.0,16.677995981647882,16.656561496835025
1360.0,16.671698915097807,16.65652384290098
1361.0,16.666293716499695,16.656464480337718
1362.0,16.661605742354595,16.6563841489388
1363.0,16.657498553060464,16.656283555201412
1364.0,16.65386525428147,16.656163377255325
1365.0,16.650621490961555,16.65602411239246
1366.0,16.64770031633259,16.65586655663617
1367.0,16.645047980400534,16.65569130322359
1368.0,16.642621416547172,16.655498921435537
1369.0,16.640385562768074,16.655289961874246
1370.0,16.638311777583397,16.655064953116664
1371.0,16.636375716176133,16.65482439783409
1372.0,16.634559383707824,16.654568788837366
1373.0,16.632846694117404,16.65429859568303
1374.0,16.631224252962966,16.654014272496738
1375.0,16.629680747966574,16.653716260754322
1376.0,16.62820670521188,16.65340498339657
1377.0,16.626793157646546,16.653080854088444
1378.0,16.625433473766407,16.652744220108673
1379.0,16.62412188895763,16.6523955147876
1380.0,16.62285342228523,16.652035106685616
1381.0,16.62162362169346,16.65166327433451
1382.0,16.620428674471384,16.651280427718348
1383.0,16.61926525885889,16.650886895619465
1384.0,16.618130418110923,16.650482992827108
1385.0,16.617021534781145,16.650069022802768
1386.0,16.615936303484887,16.64964527766358
1387.0,16.614872659215166,16.649212043446255
1388.0,16.6138287699373,16.6487695831687
1389.0,16.612803077479953,16.648318164204454
1390.0,16.61179408529756,16.647858043061262
1391.0,16.610800422497277,16.647389455894597
1392.0,16.609820948120728,16.64691265773456
1393.0,16.608854430584586,16.646427816054086
1394.0,16.60790005342426,16.645935218561647
1395.0,16.60695671959752,16.6454350588196
1396.0,16.60602383907417,16.644927566136175
1397.0,16.605100451302008,16.64441292489147
1398.0,16.60418594727281,16.643891324538743
1399.0,16.603279687001702,16.643362877324762
1400.0,16.602381194828467,16.642827851927336
1401.0,16.601489751293002,16.64228640181858
1402.0,16.600605154414666,16.6417387177778
1403.0,16.599726588726753,16.64118492029803
1404.0,16.598853397708638,16.640625194952463
1405.0,16.597985660488405,16.640059663124816
1406.0,16.5971232202225,16.639488553973024
1407.0,16.596265491426607,16.638911889363158
1408.0,16.595412232031663,16.638329874947544
1409.0,16.594563188324855,16.637742670851935
1410.0,16.59371796132234,16.63715035481357
1411.0,16.5928765573928,16.636553124575528
1412.0,16.592038541663726,16.635951046454124
1413.0,16.591203623809463,16.635344249014054
1414.0,16.590371630970594,16.634732803984605
1415.0,16.589542611067372,16.634116865270585
1416.0,16.588716324580673,16.633496574792787
1417.0,16.58789243796798,16.63287195404297
1418.0,16.587070959286336,16.632243166381045
1419.0,16.58625159275107,16.631610254183045
1420.0,16.585434384627774,16.630973352973683
1421.0,16.58461909379747,16.630332514034876
1422.0,16.583805561769168,16.629687839869575
1423.0,16.58299324973399,16.629039428373574
1424.0,16.582182493782284,16.62838736352944
1425.0,16.58137290868035,16.627731676626752
1426.0,16.580564643360447,16.627072511954736
1427.0,16.579757601764584,16.62640990728869
1428.0,16.57895168297091,16.625743958745943
1429.0,16.57814656500028,16.625074718136432
1430.0,16.577342469569203,16.624402230224064
1431.0,16.576539381912994,16.623726610039228
1432.0,16.57573719531422,16.62304787316316
1433.0,16.574935989628386,16.6223661196197
1434.0,16.574135649381617,16.621681317510877
1435.0,16.573336089512622,16.620993611369215
1436.0,16.57253724258453,16.620303041733678
1437.0,16.571739243549303,16.61960969930948
1438.0,16.57094175685029,16.618913606554827
1439.0,16.570144866524515,16.618214821542153
1440.0,16.56934875778211,16.617513422296724
1441.0,19.963603488575245,16.777532842012135
1442.0,20.003319536791707,17.18447064223932
1443.0,20.004061846116315,17.693592501148714
1444.0,20.004176779935335,18.196582515202692
1445.0,20.004223911573945,18.633123111248096
1446.0,20.004247353155847,18.98368848963969
1447.0,20.004260615317776,19.251779619670344
1448.0,20.004269001374382,19.450855294403368
1449.0,20.00427483513755,19.59627779053301
1450.0,20.004279223336823,19.70163765827209
1451.0,20.00428273231182,19.777736315147024
1452.0,20.00428567104882,19.832724589128986
1453.0,20.00428821714513,19.872569967418883
1454.0,20.004290477923576,19.901573979315174
1455.0,20.00429252144312,19.92280733922405
1456.0,20.004294392648944,19.93845334663297
1457.0,20.004296122653727,19.950064289570037
1458.0,20.00429773371883,19.958745897137987
1459.0,20.00429924195248,19.96528884944445
1460.0,20.004300661210436,19.970260578311866
1461.0,20.004302000498058,19.974070850627356
1462.0,20.004303268037916,19.97701706538578
1463.0,20.004304471394846,19.979316523750356
1464.0,20.00430561503714,19.98112848974887
1465.0,20.004306706020998,19.982571116077736
1466.0,20.00430774458175,19.983731335491598
1467.0,20.00430873535754,19.98467493449772
1468.0,20.00430968927003,19.98545122924446
1469.0,20.00431059754169,19.986097120276725
1470.0,20.004311469993695,19.98664095566744
1471.0,20.004312306358372,19.98710441209664
1472.0,20.004313108820043,19.987504363248433
1473.0,20.00431388072451,19.98785306860634
1474.0,20.00431462696025,19.988161043320417
1475.0,20.004315343440055,19.98843586842463
1476.0,20.004316034739077,19.988683679638484
1477.0,20.004316699446633,19.98890912291637
1478.0,20.004317341444334,19.98911613032169
1479.0,20.004317961371953,19.98930772064824
1480.0,20.004318560749198,19.989486376382843
1481.0,20.00431913909381,19.98965387306248
1482.0,20.00431970023726,19.989812082474145
1483.0,20.004320243226516,19.989962180836017
1484.0,20.00432076895879,19.99010524674327
1485.0,20.00432127738668,19.99024194930621
1486.0,20.004321771170623,19.990373189119282
1487.0,20.004322249224117,19.990499400341093
1488.0,20.0043227134542,19.990621178099445
1489.0,20.00432316461189,19.990738994614276
1490.0,20.004323602086174,19.9908530277566
1491.0,20.00432402656247,19.99096365321492
1492.0,20.00432444037949,19.991071217794513
1493.0,20.00432484120296,19.991175802160114
1494.0,20.004325232873384,19.99127773270658
1495.0,20.0043256127405,19.991377026511373
1496.0,20.004325982733462,19.991473896021887
1497.0,20.00432634327956,19.99156849593163
1498.0,20.004326694733436,19.991660944274656
1499.0,20.00432703742365,19.99175137046865
1500.0,20.00432737074351,19.991839741191086
1501.0,20.00432769686313,19.991926308335167
1502.0,20.004328014339706,19.99201103380676
1503.0,20.00432832435149,19.992094025647134
1504.0,20.004328626991764,19.99217533439213
1505.0,20.004328922529794,19.99225503195612
1506.0,20.004329211830964,19.992333311388336
1507.0,20.004329493422063,19.992409854655023
1508.0,20.00432976889323,19.992484981024234
1509.0,20.004330038462513,19.992558710024298
1510.0,20.004330301954496,19.992631059455505
1511.0,20.004330559835125,19.992702087360044
1512.0,20.00433081209303,19.992771838309295
1513.0,20.00433105842768,19.992840307486404
1514.0,20.004331299733906,19.992907559658704
1515.0,20.004331536056043,19.99297362738696
1516.0,20.004331767515737,19.993038541569433
1517.0,20.00433199446627,19.99310232960738
1518.0,20.004332216783553,19.993165027895998
1519.0,20.00433243464755,19.993226647551467
1520.0,20.00433264823789,19.993287231673264
1521.0,20.004332857849704,19.993346828163283
1522.0,20.004333063194565,19.993405391136605
1523.0,20.00433326468459,19.993462986415636
1524.0,20.00433346241084,19.993519663975178
1525.0,20.00433365653521,19.99357542592469
1526.0,20.00433384690001,19.993630261520195
1527.0,20.004334034091016,19.993684263612863
1528.0,20.0043342177583,19.993737404772162
1529.0,20.004334398139633,19.993789717747234
1530.0,20.004334575384576,19.993841212063444
1531.0,19.998870017498064,19.989937750777415
1532.0,19.997723755846607,19.987689541221414
1533.0,19.9965262822206,19.985474775087766
1534.0,19.995280348878623,19.983290731537807
1535.0,19.993993751802066,19.98113615412842
1536.0,19.99267312983028,19.979010322542536
1537.0,19.991324355373706,19.97691231296676
1538.0,19.989952151296734,19.974841098393313
1539.0,19.98856033392343,19.97279574582052
1540.0,19.98715227801057,19.970775453268914
1541.0,19.98573071785438,19.96877940641133
1542.0,19.984298020856386,19.966806787805638
1543.0,19.98285610532406,19.96485687091922
1544.0,19.981406693406996,19.96292892210687
1545.0,19.979951269451476,19.96102221628348
1546.0,19.97849106178444,19.959136100791795
1547.0,19.977027192957053,19.957269974696146
1548.0,19.975560543533845,19.95542316307092
1549.0,19.97409208827503,19.95359512046491
1550.0,19.97262237691234,19.951785214931363
1551.0,19.971152311994786,19.949992934936972
1552.0,19.96968225015314,19.948217754177506
1553.0,19.968212761222958,19.946459150386204
1554.0,19.966744210518073,19.94471660846341
1555.0,19.965277105214682,19.942989713383156
1556.0,19.963811746296415,19.94127796411749
1557.0,19.96234842131281,19.93958092255491
1558.0,19.9608874290206,19.937898165814886
1559.0,19.959428939393092,19.936229294385498
1560.0,19.957973696631825,19.93457391267185
1561.0,19.95652085366021,19.93293162916234
1562.0,19.955071080815287,19.931302126011303
1563.0,19.953624811702184,19.929685049388297
1564.0,19.952181733688178,19.928079940986777
1565.0,19.950742128237437,19.926486577903006
1566.0,19.949306004874643,19.924904599855893
1567.0,19.947873594689383,19.92333375474101
1568.0,19.94644492796573,19.92177367368288
1569.0,19.94502008070191,19.92022413265505
1570.0,19.943599056906237,19.918684905259624
1571.0,19.942181945305947,19.917155644579623
1572.0,19.94076879047742,19.915636069631944
1573.0,19.93935958514544,19.914125995695542
1574.0,19.93795436331567,19.91262516818142
1575.0,19.936553116226264,19.911133409709237
1576.0,19.935155852080868,19.90965041482906
1577.0,19.933762626036525,19.908175994382702
1578.0,19.932373326235393,19.906709884177076
1579.0,19.93098809126741,19.90525195285585
1580.0,19.929606841945656,19.903802007672482
1581.0,19.928229538066034,19.90235987496459
1582.0,19.92685622165982,19.90092533824037
1583.0,19.92548684317228,19.899498217059772
1584.0,19.924121399349133,19.89807835484038
1585.0,19.922759911714593,19.896665589237443
1586.0,19.92140229246138,19.895259767345692
1587.0,19.92004853911891,19.893860673302584
1588.0,19.918698643177265,19.892468261096667
1589.0,19.917352555376397,19.8910822785067
1590.0,19.916010294700584,19.889702601802867
1591.0,19.91467177811893,19.88832902324299
1592.0,19.91333699851191,19.88696169632408
1593.0,19.912005965386925,19.885600303439276
1594.0,19.910678650238424,19.884244715987165
1595.0,19.909354967405534,19.882894777109527
1596.0,19.90803496721054,19.881550420977874
1597.0,19.906718365987786,19.88021131850087
1598.0,19.90540555086693,19.878877686611816
1599.0,19.904096254755814,19.877548875780576
1600.0,19.90279049726621,19.87622476717479
1601.0,19.901488198480592,19.874905300029468
1602.0,19.90018947134564,19.873590817655668
1603.0,19.898894008735567,19.872281279794493
1604.0,19.89760198020889,19.870976502886208
1605.0,19.896313236576532,19.86967635226455
1606.0,19.89502759430252,19.86838070068302
1607.0,19.89374552941183,19.86708964986019
1608.0,19.89246667875068,19.86580306892307
1609.0,19.89119106140123,19.864520867008252
1610.0,19.889918623433402,19.863242933029255
1611.0,19.88864934101997,19.86196915292163
1612.0,19.887383237719973,19.86069939006353
1613.0,19.886120145830432,19.859433657230454
1614.0,19.884860170843865,19.858171940654813
1615.0,19.88360318764353,19.856914034795693
1616.0,19.882349176654827,19.85566006175577
1617.0,19.881098164690684,19.85440979157545
1618.0,19.879850155240206,19.853163192642228
1619.0,19.87860496091116,19.85192023781309
1620.0,19.877362657309277,19.850680930139504
1621.0,19.870508135566524,19.84262340326677
1622.0,19.859425658033956,19.835768545677524
1623.0,19.85066461955438,19.828999781525567
1624.0,19.842836794322466,19.822271844909324
1625.0,19.835465138098414,19.815544441694442
1626.0,19.828382467074505,19.808780184744705
1627.0,19.821468475980055,19.80194238059505
1628.0,19.81460770177705,19.794994115828956
1629.0,19.807731962887374,19.78789852445783
1630.0,19.80080729738893,19.7806163715789
1631.0,19.793763847848936,19.77310965061082
1632.0,19.786625286815934,19.765333910476954
1633.0,19.77925765970224,19.757252635843827
1634.0,19.771658939518943,19.74881731268789
1635.0,19.763735083209156,19.739992053526862
1636.0,19.75557924457462,19.73071663809668
1637.0,19.747003606284864,19.72095289448987
1638.0,19.738061315284313,19.710645860255
1639.0,19.7286676769628,19.699748441010797
1640.0,19.71878461295921,19.6882117972645
1641.0,19.70833484320974,19.675994028184732
1642.0,19.697289276030403,19.663048924790758
1643.0,19.685606354389392,19.64933264010307
1644.0,19.67321885499416,19.634801505646294
1645.0,19.66010275734334,19.619415044239986
1646.0,19.646240745502837,19.603136500720268
1647.0,19.631514107197688,19.58592873345117
1648.0,19.615975334453253,19.567760118696185
1649.0,19.599547985845163,19.54860331488692
1650.0,19.582171540562967,19.52842685417511
1651.0,19.563852878657826,19.507200595209895
1652.0,19.5445361530451,19.484904186968095
1653.0,19.524213453507457,19.461517444598883
1654.0,19.50283768046654,19.437029831208406
1655.0,19.48040932845862,19.411431166730722
1656.0,19.456891501649466,19.38471363362305
1657.0,19.432292639744617,19.3568766654368
1658.0,19.406575149344974,19.3279171576836
1659.0,19.379774593649472,19.297831934812223
1660.0,19.35185173221589,19.266630324075265
1661.0,19.32279482602661,19.23431996281704
1662.0,19.29255081743014,19.20091811415614
1663.0,19.261332952219107,19.166434347242046
1664.0,19.228942098799905,19.130886216898546
1665.0,19.19554764724012,19.09429459623442
1666.0,19.161030336152123,19.056681628236674
1667.0,19.12548641901236,19.018073045898745
1668.0,19.088848799081063,18.97849572807405
1669.0,19.0512304497812,18.93796707866892
1670.0,19.01261710839219,18.89652283370617
1671.0,18.97305224520295,18.854186442248306
1672.0,18.932546683009093,18.810993419566273
1673.0,18.89112274214648,18.766978722183296
1674.0,18.84883322735618,18.722172368100814
1675.0,18.80568821310601,18.676612041298256
1676.0,18.76173012828815,18.630324907144256
1677.0,18.71698869459391,18.58334592594167
1678.0,18.67150104245252,18.535709308812557
1679.0,18.625293657791474,18.48744695761104
1680.0,18.57840285929592,18.438584137433736
1681.0,18.530872568073164,18.389154730463133
1682.0,18.482734536359146,18.33919375147724
1683.0,18.433986346560346,18.288740191098782
1684.0,18.384658722095082,18.2378317085969
1685.0,18.33481361940227,18.18650142969915
1686.0,18.284464309612474,18.134791630902043
1687.0,18.233631426874013,18.08273658766842
1688.0,18.182454457238237,18.03037221905629
1689.0,18.130898189857646,17.977735790051554
1690.0,18.078964179416516,17.924855403439096
1691.0,18.026666357302474,17.871770617272375
1692.0,17.974178415022607,17.818511713309476
1693.0,17.921449915685344,17.765116261456797
1694.0,17.868537015157926,17.711599869794895
1695.0,17.8154108016916,17.658003222762204
1696.0,17.762066053574245,17.60436338269858
1697.0,17.70876265752122,17.55069380808783
1698.0,17.655324291208217,17.497026330645383
1699.0,17.601723137156114,17.443396726704975
1700.0,17.548277069264714,17.38981559332433
1701.0,17.49472260360767,17.336319727766636
1702.0,17.441277776267327,17.282922523231548
1703.0,17.387843718981628,17.229652724622554
1704.0,17.33444917265365,17.17653414568872
1705.0,17.281236219799837,17.123582102776822
1706.0,17.228107860730574,17.0708166021451
1707.0,17.17512984302016,17.018263850680853
1708.0,17.12231852813727,16.965936758974863
1709.0,17.06968942400721,16.913852813198105
1710.0,17.01727850411845,16.862030879316876
1711.0,17.001607424370945,16.85859044529508
1712.0,16.973535905441167,16.858784753055943
1713.0,16.94981742724508,16.85894982643265
1714.0,16.930714354472457,16.85908762841865
1715.0,16.915310861414923,16.859199108477753
1716.0,16.902783347291404,16.859285328868282
1717.0,16.892488990885624,16.85934721763988
1718.0,16.883938652019992,16.85938564176263
1719.0,16.876763359151255,16.85940130773014
1720.0,16.87067794762396,16.859395111054027
1721.0,16.865458713082887,16.85936780745027
1722.0,16.860937078776885,16.859320105918698
1723.0,16.856980363018124,16.859252686317575
1724.0,16.8534816987804,16.85916620490275
1725.0,16.85035891471506,16.859061287910322
1726.0,16.847549192225756,16.85893847159599
1727.0,16.845000745965706,16.858798408722635
1728.0,16.842671509411446,16.858641652706808
1729.0,16.84052747114589,16.858468736567204
1730.0,16.83854087182374,16.858280136809697
1731.0,16.83668914260079,16.858076391666714
1732.0,16.834953533951875,16.857857981789664
1733.0,16.833318470426605,16.857625361730015
1734.0,16.831770885457445,16.857378977072642
1735.0,16.830299824849817,16.857119254562406
1736.0,16.828896067011783,16.856846603563042
1737.0,16.827551748036512,16.856561423394396
1738.0,16.82626016800424,16.85626408834804
1739.0,16.825015428997972,16.855954968096
1740.0,16.823812597554763,16.85563441868925
1741.0,16.822647428771234,16.855302779810984
1742.0,16.821516131919225,16.85496038636819
1743.0,16.820415497981685,16.854607556303108
1744.0,16.819342559431732,16.85424459587847
1745.0,16.81829486400079,16.853871814803426
1746.0,16.817270090338468,16.853489484453007
1747.0,16.8162662455465,16.853097883662258
1748.0,16.81528153884102,16.852697275681464
1749.0,16.814314390140225,16.852287921306697
1750.0,16.813363340156002,16.851870064826755
1751.0,16.812427118320272,16.851443951066983
1752.0,16.811504555249826,16.851009807476885
1753.0,16.810594548855818,16.85056785624107
1754.0,16.809696125194307,16.850118312616246
1755.0,16.808808446189005,16.849661381914586
1756.0,16.80793069947731,16.849197269878744
1757.0,16.807062195176513,16.848726168907547
1758.0,16.806202223371372,16.848248257075284
1759.0,16.805350223453445,16.847763728318455
1760.0,16.804505555063542,16.847272747117984
1761.0,16.80366731663213,16.846775486358297
1762.0,16.802835561158645,16.846272113769487
1763.0,16.80200983954944,16.845762780472228
1764.0,16.80118974157091,16.845247639307388
1765.0,16.80037489053808,16.844726848371465
1766.0,16.799564870614574,16.844200469553698
1767.0,16.798758725744108,16.843668723065036
1768.0,16.797956393084633,16.84313171886612
1769.0,16.797157735298754,16.84258959626817
1770.0,16.796362644621524,16.842042450950714
1771.0,16.79557085310188,16.841490488461375
1772.0,16.79478213121439,16.84093373086114
1773.0,16.793996387309903,16.84037234138725
1774.0,16.793213342442016,16.839806399675524
1775.0,16.792432885265725,16.839236059179143
1776.0,16.7916548929893,16.838661359615116
1777.0,16.790879277562453,16.83808245432982
1778.0,16.79010578524168,16.837499394436122
1779.0,16.78933444629496,16.8369123197877
1780.0,16.78856487909593,16.836321258073497
1781.0,16.787797183053044,16.835726288745036
1782.0,16.78703108675677,16.83512754577174
1783.0,16.78626651684749,16.834525093801233
1784.0,16.785503625086278,16.833919050808674
1785.0,16.784741978640284,16.833309462703312
1786.0,16.783981670150297,16.832696396138942
1787.0,16.783222533998014,16.83207992652808
1788.0,16.782464616429024,16.8314601515209
1789.0,16.781707753306023,16.83083711700573
1790.0,16.780951890028746,16.830210903751436
1791.0,16.780196984685176,16.829581572875952
1792.0,16.779442907384123,16.828949162065896
1793.0,16.778689672308076,16.82831376405761
1794.0,16.77793730163353,16.827675457635678
1795.0,16.777185570682775,16.82703424496873
1796.0,16.776434518572103,16.826390200686035
1797.0,16.775684098374427,16.825743384027874
1798.0,16.774934301169196,16.825093856797764
1799.0,16.77418507665766,16.824441665533186
1800.0,16.773436426384478,16.823786841849767
