time_d,T_r000,T_r010
1.0,19.91005920930443,12.577139729137725
2.0,19.998549480507897,13.783557940166414
3.0,19.999802273545487,15.23215258271163
4.0,19.999879406732628,16.564103332112513
5.0,19.99990049571856,17.617964268672747
6.0,19.999909334887896,18.38139630421437
7.0,19.999914175866664,18.906767119841582
8.0,19.99991746138427,19.25823298742922
9.0,19.999920069246546,19.490197504659115
10.0,19.999922344506142,19.64267719775569
11.0,19.99992439525233,19.74312523430957
12.0,19.99992627650768,19.809711390741864
13.0,19.99992808343656,19.85425137554912
14.0,19.99992980290236,19.884376125692494
15.0,19.99993144514281,19.9050118066826
16.0,19.999933017212513,19.91934979443134
17.0,19.999934524212314,19.929469968622115
18.0,19.999935970123076,19.936737923527563
19.0,19.999937358306607,19.942057708087578
20.0,19.999938691704052,19.946033047976023
21.0,19.999939972990298,19.949070710400058
22.0,19.999941249899965,19.951447213097815
23.0,19.999942431978987,19.953352197826963
24.0,19.999943569553988,19.95491687457777
25.0,19.99994466412281,19.956232810570025
26.0,19.999945717653198,19.95736445672106
27.0,19.999946732001725,19.958357566859185
28.0,19.99994770894374,19.95924490005108
29.0,19.99994865015929,19.96005011544301
30.0,19.999949557251163,19.960790450994757
31.0,19.99995043174389,19.961478581767302
32.0,19.99995127508773,19.96212391631672
33.0,19.99995208866064,19.96273350943112
34.0,19.9999528737765,19.963312707200284
35.0,19.99995363169304,19.96386560766859
36.0,19.999954363584216,19.964395390281148
37.0,19.999955070586488,19.9649045542
38.0,19.999955753779247,19.965395090756182
39.0,19.999956414183863,19.965868609882808
40.0,19.99995705277834,19.966326432206078
41.0,19.99995767048845,19.966769657941065
42.0,19.999958268198892,19.967199217072867
43.0,19.9999588467523,19.967615907533606
44.0,19.999959406948218,19.968020423627276
45.0,19.999959949551187,19.96841337743377
46.0,19.999960475287818,19.968795315033994
47.0,19.999960984850293,19.969166729284932
48.0,19.999961478900918,19.96952806897182
49.0,19.999961958065334,19.969879746429864
50.0,19.999962422945973,19.97022214334013
51.0,19.999962874115525,19.97055561528221
52.0,19.99996331211701,19.970880495178562
53.0,19.99996373747394,19.971197096351997
54.0,19.999964150679297,19.971505714597548
55.0,19.99996455221072,19.971806630324785
56.0,19.99996494251651,19.9721001097986
57.0,19.999965322032395,19.9723864067305
58.0,19.99996569116925,19.97266576311354
59.0,19.999966050318623,19.9729384101234
60.0,19.999966399858813,19.973204569045276
61.0,19.99996674014998,19.973464451884123
62.0,19.999967071534407,19.973718261929925
63.0,19.999967394341123,19.973966194242873
64.0,19.999967708884487,19.97420843623856
65.0,19.999968015464038,19.97444516791358
66.0,19.99996831436826,19.97467656244429
67.0,19.999968605870944,19.974902786314566
68.0,19.999968890236282,19.975123999823754
69.0,19.99996916771535,19.975340357224336
70.0,19.999969438549932,19.975552007105172
71.0,19.999969702970695,19.975759092585257
72.0,19.999969961199064,19.97596175154795
73.0,19.99997021344715,19.97616011694661
74.0,19.999970459917666,19.976354316858934
75.0,19.99997070080622,19.976544474883987
76.0,19.999970936300052,19.976730710177527
77.0,19.999971148079254,19.976913137338652
78.0,19.999971372796725,19.9770918680723
79.0,19.99997159351368,19.977267008912946
80.0,19.999971809539108,19.97743866298919
81.0,19.999972020984718,19.97760693005123
82.0,19.999972227994473,19.97777190637714
83.0,19.999972430708024,19.977933684952383
84.0,19.99997262926116,19.9780923555565
85.0,19.999972823783573,19.97824800490208
86.0,19.999973014399657,19.978400716763424
87.0,19.999973201229174,19.978550572088082
88.0,19.999973384387836,19.978697649121987
89.0,19.99997356398561,19.97884202345176
90.0,19.999973740130002,19.978983768185543
91.0,19.997107074118738,19.975274600906538
92.0,19.99428332864842,19.97163208183166
93.0,19.991479545700336,19.968031045334584
94.0,19.988690310555913,19.964467788102564
95.0,19.985912857833974,19.960940870109177
96.0,19.983145431831762,19.957449185118513
97.0,19.980386875380173,19.953991710542127
98.0,19.97763644540347,19.95056747215346
99.0,19.974893684196,19.94717553742252
100.0,19.972158332118294,19.94381501186895
101.0,19.969430267036564,19.940485037268004
102.0,19.966709460210375,19.93718478964788
103.0,19.96399594462817,19.933913477442726
104.0,19.961289792550613,19.93067033958602
105.0,19.95859110049389,19.92745464455602
106.0,19.95589997679116,19.92426568800801
107.0,19.953216535413695,19.92110279266297
108.0,19.950540888777432,19.91796530548327
109.0,19.947873145321317,19.91485259811911
110.0,19.945213407816173,19.91176406462529
111.0,19.94256176994589,19.90869912116367
112.0,19.93991831616171,19.905657204221104
113.0,19.93728312227124,19.90263777075306
114.0,19.93465625387822,19.89964029601442
115.0,19.932037767549478,19.896664273969417
116.0,19.929427711085314,19.893709215819204
117.0,19.92682612321277,19.89077464943256
118.0,19.92423303441199,19.88786011859586
119.0,19.92164846782166,19.884965182445093
120.0,19.919072438528772,19.8820894146619
121.0,19.916504955858198,19.879232403118543
122.0,19.91394602184771,19.876393749029877
123.0,19.911395633667915,19.873573066722493
124.0,19.90885378224541,19.870769982703813
125.0,19.90632045402407,19.86798413574204
126.0,19.903795631146433,19.865215175599097
127.0,19.90127929133376,19.86246276340774
128.0,19.898771408372497,19.85972657079241
129.0,19.896271952980012,19.857006279481478
130.0,19.89378089234169,19.854301581050777
131.0,19.89129819120097,19.851612176385412
132.0,19.88882381135487,19.848937775537163
133.0,19.88635771260703,19.846278097080496
134.0,19.883899852563697,19.843632868112458
135.0,19.881450186738352,19.841001823731897
136.0,19.8790086692051,19.838384706859507
137.0,19.87657525252864,19.83578126775597
138.0,19.87414988788374,19.833191263989193
139.0,19.87173252531061,19.830614460061547
140.0,19.869323113833154,19.82805062711307
141.0,19.86692160155898,19.825499542771727
142.0,19.864527935863826,19.822960990844557
143.0,19.862142063429673,19.82043476114636
144.0,19.859763930418563,19.817920649298266
145.0,19.85739348251757,19.815418456404764
146.0,19.855030665052197,19.812927989033533
147.0,19.85267542306188,19.810449058921918
148.0,19.850327701371018,19.80798148282063
149.0,19.847987444641966,19.805525082297294
150.0,19.845654597460552,19.803079683627054
151.0,19.84332910438854,19.80064511755691
152.0,19.841010909997927,19.798221219233632
153.0,19.838699958941934,19.795807827986007
154.0,19.83639619597144,19.793404787238195
155.0,19.834099566001704,19.791011944330204
156.0,19.831810014102,19.788629150406983
157.0,19.82952748564173,19.78625626034679
158.0,19.827251926163157,19.783893132513676
159.0,19.824983281499104,19.781539628764456
160.0,19.82272149780583,19.77919561426767
161.0,19.820466521528253,19.776860957417643
162.0,19.81821829949059,19.77453552974575
163.0,19.815976778839136,19.77221920578826
164.0,19.813741907129142,19.769911863031613
165.0,19.811513632271744,19.767613381769195
166.0,19.809291902598083,19.765323645066687
167.0,19.807076666856666,19.76304253864355
168.0,19.804867874215766,19.760769950801638
169.0,19.802665474242303,19.758505772334026
170.0,19.800469416981624,19.75624989647273
171.0,19.79827965289466,19.75400221879043
172.0,19.79609613291348,19.751762637150627
173.0,19.793918808397592,19.74953105161831
174.0,19.791747631186524,19.74730736441834
175.0,19.789582553556333,19.745091479845076
176.0,19.78742352826351,19.742883304230894
177.0,19.785270508509225,19.740682745855672
178.0,19.78312344797021,19.738489714920917
179.0,19.780982300778298,19.73630412346876
180.0,19.778847021533476,19.734125885349552
181.0,19.75707602967217,19.721307665543453
182.0,19.73974056276547,19.708901399998034
183.0,19.724376795356072,19.696808302080033
184.0,19.71019993501277,19.684970454944235
185.0,19.6968184055415,19.673341026048615
186.0,19.684003902502873,19.661879319425633
187.0,19.671610152742073,19.65054860015804
188.0,19.65953597441102,19.639314179925144
189.0,19.647706643476727,19.62814225166701
190.0,19.63606362820823,19.616998803121184
191.0,19.624557475453805,19.60584895419514
192.0,19.613146863262045,19.59465604597404
193.0,19.60179082403827,19.58338102119574
194.0,19.590450971426154,19.571981974772935
195.0,19.579088413338738,19.56041383657474
196.0,19.567662500422905,19.54862804754331
197.0,19.5561302170449,19.536572295704037
198.0,19.544445405148217,19.524190708485335
199.0,19.532558828889286,19.511423878806333
200.0,19.520416511010048,19.498208541994224
201.0,19.507960605341616,19.48447838687457
202.0,19.49512900768344,19.47016401704191
203.0,19.481856169570783,19.45519326118424
204.0,19.4680696501695,19.43949140667527
205.0,19.453694453937796,19.422981877900632
206.0,19.438652555146376,19.4055864845876
207.0,19.422860209378904,19.387226188506947
208.0,19.406230773365724,19.367821543115344
209.0,19.388676741779822,19.347293160664442
210.0,19.370107454763378,19.32556232449552
211.0,19.35042937066444,19.302551548547754
212.0,19.329546756306208,19.278185063481097
213.0,19.307366274263792,19.252389450879097
214.0,19.2837931163423,19.22509468631221
215.0,19.258735777975165,19.196233510050266
216.0,19.23209986272529,19.165742431663357
217.0,19.20379871759226,19.13356124444374
218.0,19.17374882073907,19.099633731756583
219.0,19.1418683134226,19.063908941033528
220.0,19.108081104642416,19.02634136082361
221.0,19.0723168786244,18.986891141565824
222.0,19.034510955357064,18.945524308854754
223.0,18.994605502538743,18.902212949413816
224.0,18.952548966051292,18.85693537815231
225.0,18.908298960741455,18.809676260707576
226.0,18.861816943341324,18.760426688024346
227.0,18.81307665602253,18.7091842205182
228.0,18.7620598137594,18.655952884883238
229.0,18.708754559376597,18.60074313874019
230.0,18.653157905380088,18.543571784083962
231.0,18.5952765944245,18.484461862968487
232.0,18.535127110885824,18.42344251085336
233.0,18.472731583107617,18.360548767410343
234.0,18.408122567994894,18.2958213665598
235.0,18.341339000354047,18.229306477257886
236.0,18.272431835844518,18.16105546245422
237.0,18.20145027370875,18.091124601064557
238.0,18.12846063187255,18.019574731232197
239.0,18.05353152533405,17.9464709615654
240.0,17.97674910178268,17.871882324088826
241.0,17.898181831808536,17.795881893553627
242.0,17.81791961379355,17.718546693780844
243.0,17.736053113205635,17.639955705686425
244.0,17.652678616467547,17.560190518475913
245.0,17.567894848650404,17.479334902614163
246.0,17.481804870495434,17.397474362753826
247.0,17.394515134760127,17.314695871211605
248.0,17.306133514811542,17.231087576901754
249.0,17.21677023455201,17.146738385986815
250.0,17.126538631338345,17.06173744336163
251.0,17.035551895408062,16.97617421413247
252.0,16.943919686901697,16.890138346674107
253.0,16.85174874857573,16.803719137274292
254.0,16.759149884676592,16.71700518222901
255.0,16.666235887055866,16.630083984508445
256.0,16.573115714460126,16.543041563927407
257.0,16.47989694617036,16.455962411494145
258.0,16.38669077293101,16.368928770795666
259.0,16.29359574013008,16.282021394434928
260.0,16.20070670511898,16.195318650361425
261.0,16.108120867995762,16.108896879143074
262.0,16.015931700943792,16.022829807727838
263.0,15.924227468934301,15.937188871074067
264.0,15.83309320984036,15.85204383717076
265.0,15.742611824189492,15.767462120036688
266.0,15.652860382847797,15.683508135457965
267.0,15.563913992801664,15.600242831242587
268.0,15.475847286685994,15.517722307867572
269.0,15.388730423905068,15.435999076075301
270.0,15.30262573731394,15.355124194982963
271.0,15.303401128289343,15.350686545313073
272.0,15.30400556756411,15.346409138819833
273.0,15.304488439590255,15.342274154473406
274.0,15.304880934862757,15.338269372216828
275.0,15.30520502671044,15.334383739851726
276.0,15.305476393338711,15.330607440835163
277.0,15.305706212037313,15.326931759560708
278.0,15.30590242747942,15.323348945789254
279.0,15.306070660382904,15.31985208873628
280.0,15.306214870037044,15.316435014438946
281.0,15.30633783007184,15.313092193432587
282.0,15.306441473743288,15.309818661237037
283.0,15.306527143320267,15.306609950846783
284.0,15.30659576912764,15.30346203256956
285.0,15.306647998344962,15.30037126352436
286.0,15.306684287116507,15.297334342107172
287.0,15.306704966192262,15.294348270391925
288.0,15.30671028644088,15.29141031874266
289.0,15.306700450736244,15.288517997130185
290.0,15.306675636598438,15.285669029061433
291.0,15.306636010641046,15.28286132841518
292.0,15.306581737750156,15.280092980077285
293.0,15.3065129883036,15.277362222173783
294.0,15.306429939573501,15.274667430084651
295.0,15.306332779751031,15.272007103720355
296.0,15.306221706087262,15.26937985421981
297.0,15.306096926293074,15.266784394012722
298.0,15.305958656408256,15.264219526918515
299.0,15.305807121124777,15.261684139871623
300.0,15.305642550951713,15.259177194992622
301.0,15.305465182493913,15.256697723208912
302.0,15.30527525567345,15.254244817745843
303.0,15.305073013971207,15.251817629199516
304.0,15.30485870210423,15.2494153601294
305.0,15.304632565597803,15.247037260994958
306.0,15.304394850028302,15.24468262609679
307.0,15.304145799436819,15.242350790003204
308.0,15.303885656568331,15.240041124298523
309.0,15.303614661858006,15.237753034726506
310.0,15.30333305262425,15.235485958435913
311.0,15.303041063275904,15.233239361702648
312.0,15.302738924191763,15.23101273757195
313.0,15.302426862197734,15.22880560405947
314.0,15.302105099605384,15.22661750213735
315.0,15.301773854681676,15.22444799427672
316.0,15.301433341043687,15.222296662763238
317.0,15.301083767641964,15.220163108379094
318.0,15.300725338858362,15.218046949143423
319.0,15.300358254438175,15.215947819167448
320.0,15.299982709292717,15.213865367512009
321.0,15.299598893731101,15.211799257275988
322.0,15.299206993294268,15.209749164643494
323.0,15.298807189006194,15.207714778114042
324.0,15.298399657187328,15.205695797653812
325.0,15.297984569774323,15.203691934061146
326.0,15.297562094142368,15.201702908256696
327.0,15.297132393464391,15.199728450762914
328.0,15.296695626494813,15.197768301033687
329.0,15.296251947940522,15.195822207035045
330.0,15.295801508305797,15.193889924703711
331.0,15.295344454232668,15.191971217555473
332.0,15.294880928361735,15.190065856221718
333.0,15.294411069657349,15.188173618122828
334.0,15.29393501330118,15.186294287056487
335.0,15.293452890955464,15.184427652926137
336.0,15.292964830764518,15.182573511386897
337.0,15.292470957448407,15.180731663574434
338.0,15.29197139246738,15.178901915853354
339.0,15.291466254078182,15.177084079556778
340.0,15.29095565739173,15.175277970749587
341.0,15.290439714544998,15.173483410030155
342.0,15.289918534694895,15.171700222304278
343.0,15.289392224198114,15.16992823662232
344.0,15.288860886611772,15.168167285976077
345.0,15.288324622845897,15.16641720716054
346.0,15.287783531191442,15.164677840594814
347.0,15.287237707436935,15.162949030188656
348.0,15.28668724489815,15.161230623201575
349.0,15.286132234561148,15.159522470122809
350.0,15.285572765074154,15.15782442454012
351.0,15.285008922893933,15.15613634303366
352.0,15.284440792279534,15.15445808506449
353.0,15.283868455429124,15.152789512877655
354.0,15.283291992474819,15.151130491404919
355.0,15.28271148160687,15.149480888176157
356.0,15.282126999079093,15.147840573235253
357.0,15.281538619308709,15.146209419058508
358.0,15.280946414903752,15.144587300482339
359.0,15.280350456737429,15.142974094627732
360.0,15.279750813971663,15.141369680832057
361.0,19.947224693007094,15.513296646786506
362.0,19.999147449480482,16.25339622416029
363.0,19.99987994473678,17.130882921294926
364.0,19.99992535069495,17.93363413976618
365.0,19.999937815398965,18.567266233829255
366.0,19.999943067686402,19.02574665836688
367.0,19.999945957201284,19.341103655879145
368.0,19.999947935195813,19.552053479426792
369.0,19.999949517621566,19.6913012921262
370.0,19.99995088018566,19.782865326188652
371.0,19.999952099408027,19.843212097037885
372.0,19.99995325539567,19.883237488991803
373.0,19.999954347572736,19.910027452668096
374.0,19.999955386335166,19.928159287281385
375.0,19.999956378133312,19.94058884453977
376.0,19.999957361950962,19.949231842698193
377.0,19.9999582695419,19.955337295249812
378.0,19.99995914039585,19.959725714461985
379.0,19.999959976102055,19.96294057436052
380.0,19.999960778477213,19.965345001744247
381.0,19.999961549132102,19.967183790440863
382.0,19.999962289581937,19.96862344263201
383.0,19.999963001238303,19.96977821688161
384.0,19.999963685433084,19.97072721007047
385.0,19.99996434344612,19.971525655736116
386.0,19.99996497646652,19.97221245452439
387.0,19.999965585626803,19.97281523963789
388.0,19.99996617201942,19.973353809265546
389.0,19.999966736681834,19.97384247228807
390.0,19.999967280585057,19.974291661323043
391.0,19.999967804669094,19.97470905342811
392.0,19.999968309814726,19.975100351833696
393.0,19.99996879687713,19.975469836851385
394.0,19.99996926664904,19.975820754899644
395.0,19.99996971990498,19.976155597203963
396.0,19.999970157360398,19.976476298077383
397.0,19.999970579724668,19.976784380772887
398.0,19.99997098764453,19.977081059489514
399.0,19.99997138174208,19.977367317068545
400.0,19.99997176261753,19.977643960577915
401.0,19.999972130849248,19.977911664068156
402.0,19.999972486963454,19.97817099700537
403.0,19.999972831478892,19.978422448837797
404.0,19.999973164885013,19.978666445785592
405.0,19.99997348764778,19.978903363947904
406.0,19.999973800211425,19.979133539212548
407.0,19.999974102998966,19.979357274736902
408.0,19.999974396411833,19.97957484684847
409.0,19.999974680835823,19.979786509571035
410.0,19.999974956635693,19.979992498036303
411.0,19.99997522416134,19.98019303139187
412.0,19.99997548374369,19.98038831483571
413.0,19.999975735700914,19.980578541453273
414.0,19.999975980336536,19.980763893763335
415.0,19.999976217938652,19.980944544534452
416.0,19.999976430298155,19.98112065758206
417.0,19.999976654244755,19.981292390266525
418.0,19.999976872823208,19.981459891147487
419.0,19.99997708542234,19.98162330268223
420.0,19.99997729222839,19.98178276123052
421.0,19.999977493459898,19.981938397481343
422.0,19.999977689325693,19.982090336715867
423.0,19.999977880026535,19.982238699092342
424.0,19.999978065754284,19.982383600071742
425.0,19.999978246692088,19.982525150517613
426.0,19.99997842301507,19.982663457046407
427.0,19.999978594890813,19.982798622141114
428.0,19.999978762479838,19.98293074447248
429.0,19.999978925935686,19.983059918986555
430.0,19.999979085404988,19.98318623706336
431.0,19.99997924102866,19.983309786740442
432.0,19.99997939294147,19.98343065285459
433.0,19.999979541272463,19.98354891712344
434.0,19.99997968614462,19.98366465827497
435.0,19.999979827677596,19.983777952285703
436.0,19.99997996598344,19.98388887229956
437.0,19.999980101172373,19.983997488977916
438.0,19.999980233348026,19.98410387038516
439.0,19.999980362610977,19.98420808225407
440.0,19.999980489056792,19.984310187941006
441.0,19.999980612777943,19.984410248651105
442.0,19.99998073386315,19.984508323433804
443.0,19.999980852396988,19.98460446929401
444.0,19.99998096846115,19.984698741273046
445.0,19.999981082133957,19.984791192534274
446.0,19.9999811934908,19.984881874404696
447.0,19.99998130260386,19.984970836482226
448.0,19.99998140954277,19.985058126672374
449.0,19.99998151437428,19.98514379127659
450.0,19.99998161716274,19.985227875031107
451.0,19.997972964931773,19.98259905802669
452.0,19.99599226372006,19.98001449810688
453.0,19.99402361028296,19.977456540566493
454.0,19.992063236317062,19.974922647607706
455.0,19.99010921748718,19.972411860694784
456.0,19.988160334338648,19.96992345150921
457.0,19.986215789977187,19.967456748956867
458.0,19.98427507506113,19.96501111462332
459.0,19.982337881497067,19.96258593771602
460.0,19.98040404195825,19.960180633789903
461.0,19.978473484330987,19.957794641308787
462.0,19.97654620308644,19.95542742241959
463.0,19.974622236482915,19.95307846048272
464.0,19.972701650030736,19.95074725897888
465.0,19.970784527145213,19.948433341238474
466.0,19.9688709595364,19.94613624899159
467.0,19.966961041858493,19.9438555403269
468.0,19.96505487194534,19.941590793274493
469.0,19.96315254121038,19.93934159843255
470.0,19.961254137212784,19.937107562552686
471.0,19.959359742070955,19.93488830632392
472.0,19.957469432835673,19.932683466160476
473.0,19.955583278540328,19.93049268951655
474.0,19.953701341705077,19.928315637160303
475.0,19.951823678721503,19.92615198170271
476.0,19.949950339491224,19.924001407917522
477.0,19.948081367672266,19.921863610807193
478.0,19.946216801028037,19.919738296218803
479.0,19.944356671752356,19.91762517982907
480.0,19.942501007375242,19.915523987745626
481.0,19.940649829942824,19.913434454445717
482.0,19.938803157052085,19.91135632375437
483.0,19.936961002570694,19.90928934792236
484.0,19.935123375785828,19.907233287330357
485.0,19.933290283156182,19.90518791027865
486.0,19.93146172704889,19.903152992539447
487.0,19.929637707578305,19.90112831714383
488.0,19.927818221259766,19.89911367408504
489.0,19.926003262826285,19.89710885992406
490.0,19.924192823922233,19.89511367786509
491.0,19.922386894466083,19.89312793688251
492.0,19.920585462456607,19.891151452449083
493.0,19.918788514027565,19.88918404523003
494.0,19.916996033494915,19.88722554160314
495.0,19.915208003981764,19.885275773054243
496.0,19.913424407071133,19.88333457643998
497.0,19.91164522320809,19.88140179318758
498.0,19.909870431839032,19.879477269647474
499.0,19.90810001130277,19.87756085651238
500.0,19.90633393912369,19.875652409056478
501.0,19.904572192042103,19.87375178657087
502.0,19.902814746056496,19.871858852489247
503.0,19.901061576619,19.8699734740862
504.0,19.89931265855962,19.868095522484367
505.0,19.89756796630313,19.86622487232404
506.0,19.89582747380625,19.86436140187604
507.0,19.89409115469065,19.8625049926696
508.0,19.892358982302554,19.860655529545628
509.0,19.890630929659775,19.858812900447433
510.0,19.888906969689355,19.856976996410374
511.0,19.887187074984457,19.855147711310646
512.0,19.88547121819682,19.853324941954078
513.0,19.88375937170844,19.85150858776799
514.0,19.88205150790764,19.849698550853546
515.0,19.88034759921598,19.847894735928993
516.0,19.878647617960006,19.846097050072046
517.0,19.87695153649144,19.84430540278984
518.0,19.875259327264438,19.84251970588515
519.0,19.873570962670406,19.84073987334036
520.0,19.87188641525475,19.838965821319125
521.0,19.87020565770705,19.83719746808783
522.0,19.868528662709245,19.83543473386806
523.0,19.86685540319373,19.833677540873012
524.0,19.865185852166324,19.83192581318286
525.0,19.863519982733504,19.83017947667386
526.0,19.861857768257003,19.828438459046353
527.0,19.860199182176913,19.826702689620202
528.0,19.858544198169476,19.824972099439194
529.0,19.856892790081726,19.823246621135574
530.0,19.855244931953234,19.82152618889897
531.0,19.853600597994554,19.81981073837839
532.0,19.85195976266424,19.81810020673606
533.0,19.85032240057731,19.816394532520032
534.0,19.84868848660407,19.81469365567002
535.0,19.847057995791094,19.812997517413912
536.0,19.845430903426326,19.811306060304897
537.0,19.843807185012828,19.809619228142243
538.0,19.842186816284418,19.80793696593711
539.0,19.840569773158897,19.806259219850393
540.0,19.838956031834034,19.80458593723301
541.0,19.82237075966902,19.79440669746503
542.0,19.808931946597895,19.784498869202114
543.0,19.796865771135842,19.77479096743193
544.0,19.78561531269367,19.765242004283138
545.0,19.774904676823244,19.755819189818084
546.0,19.764573964042576,19.746494221612586
547.0,19.754520357167234,19.737241778321263
548.0,19.74467304690257,19.728038137579283
549.0,19.73497982957812,19.718860276112355
550.0,19.725399400610225,19.709685044426354
551.0,19.71589877160013,19.70048887023369
552.0,19.706447656830427,19.691247013449377
553.0,19.697018946781547,19.68193312561504
554.0,19.687585966569493,19.67251891842246
555.0,19.678121891695604,19.662973884365364
556.0,19.66859910097424,19.653265126098688
557.0,19.658987633047147,19.64335716293454
558.0,19.649256633501643,19.633211763464566
559.0,19.639372089138657,19.622788100850862
560.0,19.62929722861598,19.61204281887321
561.0,19.618992202797966,19.600929763523297
562.0,19.608414160362834,19.58940062187329
563.0,19.597516956786638,19.577404851560946
564.0,19.586251162268074,19.56488984987275
565.0,19.574564282446094,19.551801206902333
566.0,19.56240104806954,19.53808311347584
567.0,19.549701607963563,19.523678580350765
568.0,19.536404769161294,19.50852970954992
569.0,19.522446805630803,19.492578312423674
570.0,19.507762181189182,19.475766185017086
571.0,19.49228316440778,19.458035286128016
572.0,19.475939923953796,19.43932821992806
573.0,19.458661422750247,19.41958886832821
574.0,19.440378420551497,19.39876191784993
575.0,19.42101933927153,19.376793971086535
576.0,19.400513247004653,19.353632918159118
577.0,19.37879228018398,19.329228858506294
578.0,19.35578943823011,19.303534620190852
579.0,19.33143951878455,19.27650597964765
580.0,19.305680309713388,19.24810188967225
581.0,19.278451528406613,19.21828470300486
582.0,19.249697177415698,19.187020381059618
583.0,19.21936652227503,19.15427868213702
584.0,19.1874093702178,19.120033319831194
585.0,19.153782747799912,19.08426210187106
586.0,19.118449055385952,19.046947037872663
587.0,19.081375231141955,19.00807442631154
588.0,19.04253243853823,18.967634911706376
589.0,19.001898485068747,18.925623511393148
590.0,18.959457270162645,18.88203962192626
591.0,18.91519815684781,18.836886983562657
592.0,18.86911746242992,18.790173636812348
593.0,18.821216732181234,18.741911869599402
594.0,18.77150164937439,18.69211811521367
595.0,18.719985421239965,18.640812821745044
596.0,18.666689445033434,18.58802033566949
597.0,18.61163713175585,18.533769004297245
598.0,18.55486396914136,18.47809165525328
599.0,18.496399837245015,18.421023584428603
600.0,18.43628292757697,18.362603399617505
601.0,18.374559312757366,18.302872807904855
602.0,18.31128000643716,18.241876355637945
603.0,18.24649724059733,18.179661233054283
604.0,18.180267849793704,18.11627704716917
605.0,18.1126524539962,18.051775721678027
606.0,18.043714894772634,17.986211211652453
607.0,17.97352332693623,17.919639101824878
608.0,17.902149544317155,17.852116369494745
609.0,17.8296647875786,17.78370152676378
610.0,17.756143748775493,17.71445442737869
611.0,17.681655545139176,17.64443591013339
612.0,17.606279406337116,17.57370743873716
613.0,17.530093102575623,17.502330747087726
614.0,17.45317397680553,17.430367889831693
615.0,17.375605387510046,17.357880653213037
616.0,17.297466549655766,17.284930723016853
617.0,17.21883034905067,17.21157947444396
618.0,17.139773704253155,17.137887910081304
619.0,17.060374699954732,17.0639162743468
620.0,16.980708247562692,16.98972408022818
621.0,16.90084712473168,16.915371009309162
622.0,16.82086261309751,16.840916032501358
623.0,16.74082754948447,16.76641692900065
624.0,16.660812211635857,16.691929599046595
625.0,16.580886253583948,16.617506995740165
626.0,16.50111789793265,16.543199898272754
627.0,16.421574582595262,16.469059514233845
628.0,16.342314627338506,16.395136099642112
629.0,16.263394455993165,16.32147850860583
630.0,16.18487001437944,16.248134359819716
631.0,16.185657529302233,16.243912045057137
632.0,16.18628301953601,16.239844440028193
633.0,16.186794259335212,16.23591552447404
634.0,16.18722087162194,16.2321133955681
635.0,16.187583662002087,16.228427221646523
636.0,16.18789745531737,16.224847382469285
637.0,16.188172806394963,16.22136534103337
638.0,16.188417204363585,16.217973509153417
639.0,16.188635932337878,16.214665122710635
640.0,16.188832696302164,16.211434138532375
641.0,16.18901007800047,16.20827514447921
642.0,16.18916986113553,16.205183280687802
643.0,16.18931326864647,16.202154173160125
644.0,16.189441135397992,16.199183876243158
645.0,16.189554026483933,16.19626882157046
646.0,16.18965232957739,16.193405775794922
647.0,16.18973631232101,16.190591800852946
648.0,16.18980617102921,16.187824223111328
649.0,16.189862057337997,16.185100602396847
650.0,16.189904099445673,16.182418707910404
651.0,16.18993241897647,16.179776495540303
652.0,16.189947136305843,16.177172088817926
653.0,16.189948379161397,16.174603761046377
654.0,16.189936284458362,16.17206992091318
655.0,16.189910999798872,16.169569098319677
656.0,16.18987268401009,16.167099933154056
657.0,16.189821506808013,16.164661164343276
658.0,16.189757647708046,16.162251620678134
659.0,16.189681295190503,16.159870212392455
660.0,16.189592645154917,16.157515923752225
661.0,16.189491899889784,16.15518780640106
662.0,16.189379266545053,16.15288497338958
663.0,16.189254956159623,16.150606593867252
664.0,16.189119182306065,16.148351888236864
665.0,16.188972160288525,16.146120123905515
666.0,16.188814106007676,16.14391061130268
667.0,16.18864523534774,16.141722700494533
668.0,16.188465763288228,16.13955577785302
669.0,16.188275903404637,16.13740926335981
670.0,16.188075867272534,16.13528260784077
671.0,16.187865864024168,16.13317529068373
672.0,16.187646100018945,16.131086817669534
673.0,16.187416778428016,16.12901671903885
674.0,16.187178099073126,16.126964547663203
675.0,16.18693025822197,16.124929877443623
676.0,16.18667344836096,16.12291230180616
677.0,16.186407858091016,16.120911432379565
678.0,16.18613367207538,16.118926897689864
679.0,16.185851070972618,16.116958342053227
680.0,16.185560231381803,16.115005424517843
681.0,16.185261325838464,16.113067817896553
682.0,16.184954522834204,16.111145207871697
683.0,16.18463998682865,16.109237292214416
684.0,16.184317878293008,16.107343779967334
685.0,16.183988353743775,16.10546439082457
686.0,16.183651565818227,16.103598854412944
687.0,16.183307663310313,16.10174690977953
688.0,16.18295679126983,16.0999083047784
689.0,16.182599091053266,16.098082795578804
690.0,16.182234700411723,16.096270146231852
691.0,16.181863753570774,16.094470128179093
692.0,16.18148638130447,16.09268251989999
693.0,16.18110271103141,16.090907106494605
694.0,16.180712866879958,16.089143679365158
695.0,16.18031696980578,16.087392035871606
696.0,16.179915137620714,16.085651979045448
697.0,16.179507485147376,16.08392331729473
698.0,16.179094124224356,16.082205864153096
699.0,16.178675163867055,16.08049943802764
700.0,16.178250710268905,16.078803861977054
701.0,16.177820866956612,16.077118963493668
702.0,16.17738573479807,16.07544457430929
703.0,16.176945412135453,16.073780530203702
704.0,16.176499994814062,16.07212667083537
705.0,16.176049576298194,16.070482839578286
706.0,16.17559424768924,16.068848883362968
707.0,16.175134097853512,16.067224652540354
708.0,16.174669213432914,16.065610000741962
709.0,16.174199678957603,16.064004784757994
710.0,16.17372557687039,16.06240886441391
711.0,16.17324698762196,16.060822102459948
712.0,16.172763989695348,16.059244364466903
713.0,16.17227665970508,16.05767551872939
714.0,16.17178507240528,16.05611543616388
715.0,16.17128930079489,16.05456399022936
716.0,16.17078941612049,16.053021056837007
717.0,16.17028548797437,16.05148651427725
718.0,16.169777584300608,16.049960243138685
719.0,16.169265771482387,16.048442126243913
720.0,16.168750114353138,16.046932048575894
721.0,19.957258809042763,16.350510203368604
722.0,19.999309696623822,16.952992698287172
723.0,19.99990197674148,17.666770163490202
724.0,19.999938714885737,18.319541577738114
725.0,19.99994883138255,18.83470827261765
726.0,19.99995310400144,19.207441488780322
727.0,19.99995546162488,19.463811874707233
728.0,19.999957079977513,19.635305141289457
729.0,19.999958377248745,19.74851125699235
730.0,19.999959495578953,19.822955270469777
731.0,19.99996049683673,19.872022552641585
732.0,19.999961446467726,19.90457004147033
733.0,19.999962343770072,19.926357709984593
734.0,19.999963197168103,19.94110637902794
735.0,19.99996404173937,19.951218907977243
736.0,19.999964819737123,19.95825257890478
737.0,19.999965565493298,19.963222840042455
738.0,19.999966280613947,19.966796763408222
739.0,19.999966966793362,19.969416210723846
740.0,19.999967625469637,19.971376427977415
741.0,19.99996825801062,19.972876460652902
742.0,19.99996886563773,19.974051700723955
743.0,19.999969449537794,19.97499506478355
744.0,19.99997001079214,19.97577087957371
745.0,19.99997055046052,19.976424068262098
746.0,19.999971069517507,19.976986272804275
747.0,19.999971568916624,19.977479973398648
748.0,19.99997204954183,19.977921277987512
749.0,19.99997251225226,19.978321830343198
750.0,19.9999729578515,19.978690121726263
751.0,19.999973387113425,19.97903240229539
752.0,19.99997380076912,19.97935331656954
753.0,19.999974199515272,19.97965635151325
754.0,19.99997458401711,19.979944153143116
755.0,19.999974954901635,19.98021875284787
756.0,19.999975312774392,19.98048172924908
757.0,19.99997565819937,19.98073432552855
758.0,19.999975991728146,19.980977534035624
759.0,19.999976313875003,19.981212159091694
760.0,19.99997662512323,19.981438861036974
761.0,19.999976925946097,19.98165819172393
762.0,19.99997721679872,19.981870618706722
763.0,19.99997749809672,19.9820765438613
764.0,19.999977770239276,19.982276317314607
765.0,19.99997803361594,19.982470248455655
766.0,19.99997828859695,19.982658613692234
767.0,19.99997853552382,19.982841662880496
768.0,19.99997875562774,19.983019623239034
769.0,19.999978987073803,19.98319270544498
770.0,19.99997921232599,19.98336110298584
771.0,19.999979430788436,19.983524996651823
772.0,19.999979642694214,19.983684555928228
773.0,19.999979848301756,19.98383994045379
774.0,19.999980047863485,19.983991300960785
775.0,19.9999802416165,19.984138780350353
776.0,19.999980429790433,19.98428251445397
777.0,19.999980612602165,19.984422632419616
778.0,19.999980790260413,19.98455925768265
779.0,19.999980962962695,19.98469250817696
780.0,19.999981130899393,19.9848224966749
781.0,19.99998129425095,19.984949331280998
782.0,19.999981453190816,19.98507311557419
783.0,19.999981607884123,19.98519394902511
784.0,19.999981758489042,19.985311927083053
785.0,19.99998190515661,19.98542714151997
786.0,19.999982048031463,19.985539680522614
787.0,19.999982187251575,19.985649628911084
788.0,19.999982322949375,19.985757068314165
789.0,19.999982455251672,19.985862077263658
790.0,19.999982584279444,19.985964731408732
791.0,19.999982710148377,19.98606510358699
792.0,19.999982832970026,19.986163263972024
793.0,19.999982952850402,19.9862592801668
794.0,19.9999830698914,19.986353217341545
795.0,19.999983184191233,19.98644513830859
796.0,19.99998329584324,19.986535103648645
797.0,19.999983404936643,19.9866231717588
798.0,19.999983511558174,19.98670939897561
799.0,19.99998361579004,19.98679383966223
800.0,19.999983717711597,19.986876546249555
801.0,19.999983817398665,19.986957569355525
802.0,19.99998391492434,19.98703695781536
803.0,19.999984010358464,19.987114758791765
804.0,19.99998410376841,19.987191017808303
805.0,19.999984195218655,19.987265778828508
806.0,19.999984284771394,19.987339084319306
807.0,19.999984372485805,19.987410975277346
808.0,19.9999844584197,19.98748149133829
809.0,19.999984542627693,19.9875506707781
810.0,19.99998462516313,19.987618550600303
811.0,19.998304302628405,19.985410187212445
812.0,19.996646998599807,19.98323820250159
813.0,19.9949994366032,19.98108806209925
814.0,19.993358465940645,19.97895764702723
815.0,19.99172247483233,19.976846158388952
816.0,19.990090443798156,19.974752992619365
817.0,19.988461704931787,19.972677592417547
818.0,19.98683583166305,19.970619427099855
819.0,19.98521256684564,19.968577991183984
820.0,19.983591769498993,19.966552798715075
821.0,19.981973380281765,19.96454338422821
822.0,19.98035739568815,19.962549302002103
823.0,19.978743846474984,19.960570122811383
824.0,19.977132790389497,19.95860543584191
825.0,19.975524296091614,19.956654845355622
826.0,19.973918442841963,19.9547179716891
827.0,19.97231531060111,19.952794449395988
828.0,19.9707149810805,19.95088392691196
829.0,19.969117532107138,19.948986066140332
830.0,19.9675230392033,19.947100541149872
831.0,19.96593157284893,19.9452270387497
832.0,19.964343196810425,19.943365256028763
833.0,19.962757970790292,19.941514902002634
834.0,19.96117594958614,19.93967569599665
835.0,19.959597180625206,19.93784736699414
836.0,19.958021708049262,19.936029653927225
837.0,19.95644956891837,19.934222304511565
838.0,19.954880797332756,19.93242507556635
839.0,19.95331542091779,19.93063773198491
840.0,19.951753464790563,19.92886004697268
841.0,19.950194948259146,19.927091801223035
842.0,19.948639888543205,19.925332782947216
843.0,19.94708829788834,19.923582787454812
844.0,19.945540186462747,19.921841616635756
845.0,19.94399556122523,19.920109079357424
846.0,19.942454425163177,19.918384990030546
847.0,19.940916779606304,19.916669169672097
848.0,19.939382624277453,19.91496144488037
849.0,19.93785195605703,19.913261647973222
850.0,19.936324769274343,19.9115696161332
851.0,19.93480105675972,19.90988519206445
852.0,19.933280810869043,19.908208223336352
853.0,19.93176402107001,19.906538562193028
854.0,19.930250676087862,19.904876065402956
855.0,19.92874076324879,19.903220594242736
856.0,19.927234268669856,19.90157201399434
857.0,19.925731177722717,19.899930194229448
858.0,19.924231474513522,19.898295008213832
859.0,19.92273514274308,19.896666333177965
860.0,19.921242164906943,19.895044049761847
861.0,19.919752523136147,19.89342804225329
862.0,19.918266198985645,19.891818198232052
863.0,19.916783173398272,19.890214408591596
864.0,19.915303426807885,19.888616567208093
865.0,19.91382693936017,19.887024571148324
866.0,19.912353690726743,19.885438320179194
867.0,19.91088366033881,19.88385771700646
868.0,19.90941682737681,19.88228266700701
869.0,19.90795317078565,19.88071307821462
870.0,19.906492669293776,19.879148861022202
871.0,19.905035301513916,19.877589928390087
872.0,19.90358104592362,19.87603619556815
873.0,19.902129880930097,19.87448758012283
874.0,19.900681784850978,19.872944001694314
875.0,19.899236736053755,19.871405382183386
876.0,19.897794712663018,19.86987164534249
877.0,19.896355693058926,19.868342717057306
878.0,19.894919655510066,19.8668185250385
879.0,19.893486578383484,19.865298998886352
880.0,19.892056440068817,19.863784069927668
881.0,19.89062921902479,19.86227367125474
882.0,19.889204893805775,19.860767737600206
883.0,19.887783443068237,19.85926620531309
884.0,19.88636484555757,19.857769012324084
885.0,19.88494908012606,19.85627609801322
886.0,19.883536125756716,19.85478740326181
887.0,19.882125961595648,19.853302870393968
888.0,19.88071856689361,19.85182244304503
889.0,19.879313921043654,19.85034606622225
890.0,19.8779120036137,19.84887368619618
891.0,19.876512794298996,19.847405250476296
892.0,19.875116272976094,19.84594070779309
893.0,19.873722419678966,19.844480008034516
894.0,19.87233121461635,19.843023102237396
895.0,19.8709426381376,19.841569942517804
896.0,19.86955667079376,19.840120482075612
897.0,19.868173293318584,19.83867467513624
898.0,19.866792486604588,19.83723247694177
899.0,19.86541423171345,19.835793843678175
900.0,19.864038509900478,19.834358732500153
901.0,19.849781684941128,19.82547306775478
902.0,19.838158932757985,19.816803302007834
903.0,19.827672842856284,19.80828935322667
904.0,19.817855816657246,19.799897009902175
905.0,19.808477311410396,19.79159898612516
906.0,19.79940384584555,19.78337175419348
907.0,19.790549682430235,19.775194290194328
908.0,19.781855935538392,19.76704699317883
909.0,19.773278679874757,19.758910739900692
910.0,19.764784713633556,19.750766448206967
911.0,19.756345599387814,19.74259455530061
912.0,19.747937038470642,19.734374596111117
913.0,19.739536322566163,19.726084780951965
914.0,19.731121316128952,19.717701708851735
915.0,19.72266952503292,19.709200126510506
916.0,19.714157940569706,19.700552767959763
917.0,19.705562558007994,19.69173023099159
918.0,19.696857252961326,19.682700824281202
919.0,19.68801376829702,19.673430579025215
920.0,19.67900120623313,19.663883437492938
921.0,19.669787016078892,19.654021012755752
922.0,19.66033544034796,19.64380297784527
923.0,19.650607838603115,19.633187145706806
924.0,19.640562963773828,19.622129514405035
925.0,19.630156677310175,19.610584530640175
926.0,19.61934253690938,19.59850532601554
927.0,19.608071303024815,19.5858439963252
928.0,19.5962912521877,19.57255178361994
929.0,19.583948179740805,19.55857951681009
930.0,19.570987384111238,19.543877866310762
931.0,19.55735089989124,19.5283975490145
932.0,19.542979247978554,19.512089844916993
933.0,19.52781359562021,19.49490657742524
934.0,19.511794745948322,19.476800445255726
935.0,19.49486073035653,19.457725144022508
936.0,19.476951704326726,19.43763540705948
937.0,19.45800867989323,19.416487910312032
938.0,19.437973836724,19.39424142787131
939.0,19.41679079685762,19.37085701498462
940.0,19.394405311348237,19.34629820774956
941.0,19.37076427066861,19.320531219344616
942.0,19.34581914460494,19.293525123318762
943.0,19.319523649265648,19.26525201741496
944.0,19.291832805980828,19.23568716502347
945.0,19.262708297035967,19.20480912302013
946.0,19.232115008072117,19.172599836242494
947.0,19.200020919088683,19.139044723253175
948.0,19.166398719273992,19.104132725933685
949.0,19.13122638259808,19.067856341864506
950.0,19.094485821759474,19.0302116420604
951.0,19.056164113483216,18.991198257934055
952.0,19.016255590261522,18.950819353338463
953.0,18.974755542202665,18.909081568849867
954.0,18.93166484679327,18.865994967256093
955.0,18.886992431205694,18.821573436720534
956.0,18.840749080395895,18.77583443543884
957.0,18.792954128262615,18.728797972302093
958.0,18.743624574998613,18.68048710883925
959.0,18.69278388388891,18.630927846525946
960.0,18.640463399258273,18.58014894609014
961.0,18.5866974467098,18.52818179993639
962.0,18.531521402927858,18.475060252206454
963.0,18.47497530224421,18.4208205377692
964.0,18.41710279041824,18.36550107627206
965.0,18.357951069593735,18.309142268980974
966.0,18.297571193054544,18.251786162639394
967.0,18.236017799043665,18.193476275784143
968.0,18.17334595638665,18.134257760190398
969.0,18.109611965011233,18.074177213871742
970.0,18.04487078449815,18.013282420861216
971.0,17.97918512622878,17.95162184586482
972.0,17.91261581336593,17.88924474020191
973.0,17.845225163489797,17.826200905611053
974.0,17.777082072446866,17.76254018009626
975.0,17.708248689339694,17.69831267828677
976.0,17.638785095310215,17.63356861503267
977.0,17.568756142741606,17.56835836027981
978.0,17.49822611789867,17.50273156891994
979.0,17.427257289952458,17.436738198911264
980.0,17.355910746956052,17.370428589369894
981.0,17.284247266868604,17.303852665709933
982.0,17.212329983145104,17.237059500364197
983.0,17.14021969409935,17.17009601740842
984.0,17.067977232017306,17.103007234717563
985.0,16.995661992711412,17.035838038162204
986.0,16.923331755863934,16.968633596535945
987.0,16.85103777158046,16.901437912725477
988.0,16.778830978443246,16.834294541783457
989.0,16.706761700989617,16.76724624939884
990.0,16.634878504715083,16.70033439426622
991.0,16.635656385069304,16.696400166567592
992.0,16.63628232296767,16.69261165468273
993.0,16.636801553851928,16.688954348260758
994.0,16.63724184405846,16.685416962468047
995.0,16.637622664824004,16.68198920083999
996.0,16.637957880098135,16.678661921202085
997.0,16.638257361887263,16.675427018971963
998.0,16.638528106433522,16.672277292244615
999.0,16.638775046155367,16.669206324540777
1000.0,16.639001636261007,16.666208385309737
1001.0,16.639210278220144,16.663278342801142
1002.0,16.639402626576853,16.660411589840777
1003.0,16.639579811372673,16.657603980401152
1004.0,16.639742597270708,16.6548517739813
1005.0,16.639891499313414,16.652151588754016
1006.0,16.64002686429948,16.649500359282396
1007.0,16.64014892940563,16.646895301469772
1008.0,16.640257863391238,16.64433388043401
1009.0,16.640353794813315,16.641813783698836
1010.0,16.640436831798702,16.639332896900882
1011.0,16.64050707528887,16.636889282910467
1012.0,16.64056462718627,16.634481163140876
1013.0,16.640609596092418,16.6321069016415
1014.0,16.64064209965442,16.629764990205015
1015.0,16.640662266559634,16.627454036308475
1016.0,16.64067023626979,16.62517275109251
1017.0,16.64066615896369,16.622919940132498
1018.0,16.640650194791743,16.620694494010554
1019.0,16.640622512531518,16.61849538082962
1020.0,16.640583288296778,16.616321638597586
1021.0,16.640532704633916,16.614172369573286
1022.0,16.640470949218447,16.612046734070688
1023.0,16.64039821351428,16.609943945782163
1024.0,16.640314691757027,16.607863266963925
1025.0,16.64022058012467,16.605804004473402
1026.0,16.640116075668356,16.6037655060563
1027.0,16.64000137565032,16.601747156949962
1028.0,16.63987667681554,16.599748376993638
1029.0,16.639742174768777,16.597768617750198
1030.0,16.639598063539758,16.595807360189028
1031.0,16.639444535030506,16.593864112291662
1032.0,16.639281778791897,16.5919384071432
1033.0,16.63910998155276,16.59002980096526
1034.0,16.638929327148375,16.588137871493608
1035.0,16.638739996140913,16.586262216424977
1036.0,16.63854216581084,16.584402451902115
1037.0,16.63833600995616,16.582558211433486
1038.0,16.638121698755803,16.580729144424446
1039.0,16.63789939881817,16.578914915379208
1040.0,16.637669273102876,16.577115202684706
1041.0,16.637431480875033,16.575329697872352
1042.0,16.63718617770495,16.573558104551743
1043.0,16.636933515531684,16.571800137883685
1044.0,16.636673642639185,16.570055523679542
1045.0,16.636406703718194,16.56832399788507
1046.0,16.636132839938046,16.56660530578614
1047.0,16.63585218892346,16.564899201658093
1048.0,16.63556488493694,16.56320544808147
1049.0,16.635271058839063,16.561523815573345
1050.0,16.634970838151666,16.559854082052023
1051.0,16.634664347235635,16.558196032489477
1052.0,16.63435170723617,16.556549458488707
1053.0,16.63403303627194,16.55491415793974
1054.0,16.633708449437727,16.553289934705617
1055.0,16.63337805886283,16.551676598266763
1056.0,16.633041973847405,16.550073963482763
1057.0,16.632700300963386,16.548481850341936
1058.0,16.632353144001605,16.546900083627754
1059.0,16.632000604172546,16.545328492773955
1060.0,16.631642780110315,16.543766911595032
1061.0,16.63127976796514,16.542215178115168
1062.0,16.630911661488874,16.540673134360258
1063.0,16.630538552059946,16.539140626193266
1064.0,16.630160528815786,16.537617503139938
1065.0,16.629777678635996,16.536103618242585
1066.0,16.6293900863091,16.53459882790615
1067.0,16.6289978345159,16.533102991778456
1068.0,16.628601003871474,16.531615972584927
1069.0,16.628199673055114,16.530137636054917
1070.0,16.627793918894056,16.5286678507955
1071.0,16.627383816291402,16.527206488156175
1072.0,16.62696943837953,16.52575342216531
1073.0,16.626550856566954,16.524308529418363
1074.0,16.62612814052046,16.522871688985433
1075.0,16.62570135832379,16.52144278235037
1076.0,16.62527057641927,16.520021693288736
1077.0,16.62483585974494,16.518608307851213
1078.0,16.624397271696928,16.51720251422936
1079.0,16.62395487425062,16.515804202750484
1080.0,16.623508727934723,16.514413265754868
1081.0,19.96237939658159,16.782118092936905
1082.0,19.99939262702928,17.313363695519634
1083.0,19.999913457146103,17.942709681163468
1084.0,19.9999457936514,18.51824608674822
1085.0,19.999954706620862,18.972449917467465
1086.0,19.9999584744254,19.301072121226035
1087.0,19.99996055788386,19.52710202660608
1088.0,19.999961997572896,19.678300467655262
1089.0,19.99996313810349,19.7781107516193
1090.0,19.99996412891496,19.84374698217554
1091.0,19.999965016278576,19.88701015412837
1092.0,19.99996585803185,19.915708803280644
1093.0,19.999966653450482,19.93492108370871
1094.0,19.999967409964036,19.94792738071711
1095.0,19.999968158632075,19.95684613216358
1096.0,19.999968848257247,19.96305029556474
1097.0,19.99996950926343,19.967435132839384
1098.0,19.999970143085342,19.970588767616086
1099.0,19.99997075120651,19.97290076956572
1100.0,19.999971334923767,19.974631447309562
1101.0,19.999971895424427,19.975956293429228
1102.0,19.999972433821362,19.976994682200843
1103.0,19.999972951148045,19.977828537863637
1104.0,19.999973448363093,19.978514578428754
1105.0,19.99997392641297,19.979092414453977
1106.0,19.999974386169278,19.979589947269996
1107.0,19.999974828466375,19.980026999837257
1108.0,19.999975254100463,19.980417777404753
1109.0,19.999975663824163,19.980772548569714
1110.0,19.99997605835966,19.98109880292162
1111.0,19.99997643838727,19.981402053492513
1112.0,19.99997680456107,19.98168639807794
1113.0,19.99997715749731,19.98195491332154
1114.0,19.99997749778641,19.982209934773316
1115.0,19.99997782598828,19.98245325567482
1116.0,19.999978142634667,19.982686270105823
1117.0,19.99997844823466,19.98291007626765
1118.0,19.999978743268407,19.98312555125934
1119.0,19.999979028196964,19.983333405851674
1120.0,19.999979303455614,19.983534224798525
1121.0,19.999979569460738,19.983728496312146
1122.0,19.999979826608396,19.983916634263526
1123.0,19.999980075274372,19.984098994649095
1124.0,19.99998029663167,19.98427588742665
1125.0,19.999980529055424,19.984447588068836
1126.0,19.999980754933333,19.984614341363017
1127.0,19.9999809736865,19.984776368824303
1128.0,19.999981185566977,19.98493387270824
1129.0,19.99998139085508,19.985087039121805
1130.0,19.999981589819818,19.985236040534378
1131.0,19.999981782717775,19.985381037695245
1132.0,19.999981969793684,19.98552218131695
1133.0,19.999982151280772,19.985659613217557
1134.0,19.999982327401657,19.985793467469648
1135.0,19.999982498368677,19.985923871107556
1136.0,19.99998266438437,19.986050944883452
1137.0,19.99998282564217,19.986174803800317
1138.0,19.999982982326728,19.986295557602144
1139.0,19.999983134614286,19.98641331117189
1140.0,19.9999832826731,19.98652816485453
1141.0,19.999983426664084,19.986640214807025
1142.0,19.999983566741278,19.986749553227195
1143.0,19.999983703050884,19.986856268582137
1144.0,19.99998383573361,19.986960445820916
1145.0,19.999983964923633,19.98706216658254
1146.0,19.99998409074942,19.98716150935099
1147.0,19.999984213333843,19.987258549607976
1148.0,19.999984332793577,19.987353359958544
1149.0,19.999984449242234,19.987446010321367
1150.0,19.999984562786373,19.98753656798711
1151.0,19.99998467352985,19.98762509778063
1152.0,19.999984781570518,19.987711662135048
1153.0,19.999984887003553,19.98779632121958
1154.0,19.999984989918904,19.987879133019888
1155.0,19.999985090403797,19.987960153439097
1156.0,19.99998518854086,19.988039436359912
1157.0,19.999985284410375,19.988117033772802
1158.0,19.99998537808812,19.988192995797526
1159.0,19.99998546964807,19.988267370810018
1160.0,19.999985559159875,19.98834020546311
1161.0,19.999985646691577,19.988411544795426
1162.0,19.999985732307568,19.988481432273154
1163.0,19.999985816070375,19.98854990986272
1164.0,19.999985898039107,19.98861701805381
1165.0,19.999985978271816,19.98868279598329
1166.0,19.999986056822905,19.98874728141922
1167.0,19.999986133745914,19.988810510865942
1168.0,19.99998620909115,19.98887251957055
1169.0,19.99998628290795,19.98893334160252
1170.0,19.999986355243028,19.988993009878946
1171.0,19.998495025921358,19.987027306054614
1172.0,19.997024020087053,19.985093850304178
1173.0,19.995561558951756,19.983179688181952
1174.0,19.994104846213826,19.981282936791025
1175.0,19.992652453177676,19.97940288566428
1176.0,19.991203473591202,19.977538998930367
1177.0,19.989757314962155,19.97569078228226
1178.0,19.988313598899833,19.97385776540999
1179.0,19.986872096438344,19.972039498763024
1180.0,19.985432682283353,19.970235551914293
1181.0,19.98399530372468,19.968445511981116
1182.0,19.982559956373784,19.966668982523334
1183.0,19.981126669210987,19.964905583426994
1184.0,19.979695490589954,19.96315494967717
1185.0,19.978266484408287,19.961416730601982
1186.0,19.97683971804402,19.959690589132
1187.0,19.975415264698196,19.957976201050826
1188.0,19.973993194607445,19.956273254622147
1189.0,19.972573578138643,19.95458144956767
1190.0,19.97115648161403,19.95290049713218
1191.0,19.96974196716833,19.951230118905336
1192.0,19.968330092718254,19.9495700468564
1193.0,19.96692091079619,19.94792002261355
1194.0,19.965514470213307,19.94627979699399
1195.0,19.964110812750015,19.944649129912253
1196.0,19.962709977034308,19.943027789652163
1197.0,19.96131199757054,19.94141555252978
1198.0,19.959916903214726,19.939812202777222
1199.0,19.958524720110788,19.938217532026844
1200.0,19.957135469318054,19.936631338981673
1201.0,19.955749169347037,19.935053429365826
1202.0,19.95436583497122,19.933483615164825
1203.0,19.95298547746126,19.931921715056585
1204.0,19.951608105436105,19.93036755346983
1205.0,19.950233725476544,19.928820960632073
1206.0,19.94886234063546,19.927281772345403
1207.0,19.94749395298158,19.92574982991635
1208.0,19.946128561779027,19.92422497952517
1209.0,19.944766164017583,19.92270707248204
1210.0,19.943406755806766,19.92119596463516
1211.0,19.942050330932606,19.919691516628397
1212.0,19.9406968819324,19.91819359331019
1213.0,19.939346400470452,19.916702063685804
1214.0,19.937998876503592,19.915216800899017
1215.0,19.936654299069854,19.913737682000853
1216.0,19.93531265621623,19.912264587760276
1217.0,19.933973934987687,19.910797402491983
1218.0,19.93263812190812,19.909336013992693
1219.0,19.931305202276373,19.90788031353855
1220.0,19.929975161149954,19.906430195501827
1221.0,19.92864798282005,19.90498555728703
1222.0,19.927323651283764,19.90354629940497
1223.0,19.92600214969709,19.90211232521238
1224.0,19.924683461043212,19.900683540777855
1225.0,19.92336756796329,19.89925985494874
1226.0,19.92205445282852,19.897841179118245
1227.0,19.920744097469917,19.89642742706271
1228.0,19.91943648381591,19.895018515103878
1229.0,19.91813159331705,19.893614361752448
1230.0,19.916829407495335,19.89221488784313
1231.0,19.915529907544745,19.89082001630777
1232.0,19.914233074770166,19.889429672205118
1233.0,19.9129388901299,19.88804378255532
1234.0,19.911647334661417,19.886662276318653
1235.0,19.910358389500185,19.885285084406846
1236.0,19.909072035614678,19.883912139469192
1237.0,19.907788253965414,19.882543375912757
1238.0,19.90650702554106,19.881178729813403
1239.0,19.905228331487162,19.879818138976294
1240.0,19.903952152901535,19.87846154270811
1241.0,19.902678470914175,19.877108881845505
1242.0,19.90140726682252,19.87576009873109
1243.0,19.90013852188154,19.8744151371092
1244.0,19.898872217523113,19.873073942112768
1245.0,19.897608335328787,19.8717364602687
1246.0,19.896346856865456,19.870402639309017
1247.0,19.89508776394421,19.86907242831507
1248.0,19.893831038393763,19.8677457774989
1249.0,19.892576662234852,19.866422638317587
1250.0,19.891324617559327,19.865102963300437
1251.0,19.890074886713684,19.863786706176146
1252.0,19.888827452058884,19.86247382163891
1253.0,19.88758229618079,19.86116426551503
1254.0,19.886339401754977,19.859857994557206
1255.0,19.885098751678598,19.858554966560057
1256.0,19.883860328941644,19.8572551402032
1257.0,19.882624116715455,19.85595847514694
1258.0,19.88139009831091,19.854664931882994
1259.0,19.88015825722441,19.85337447181624
1260.0,19.87892857708581,19.852087057147997
1261.0,19.8660791965482,19.844010191302683
1262.0,19.855569046799058,19.83611826874229
1263.0,19.846061319946234,19.82835789207906
1264.0,19.837139770603653,19.820698749251992
1265.0,19.828599882044063,19.813116698875632
1266.0,19.820323203416635,19.80559092669329
1267.0,19.812233726097837,19.798102837451093
1268.0,19.80427932052205,19.790635134190158
1269.0,19.796420863063638,19.783170888709442
1270.0,19.788629523009156,19.77569326659714
1271.0,19.780879782726185,19.768184915239676
1272.0,19.773150322294565,19.760627723936462
1273.0,19.765420994300033,19.75300240604747
1274.0,19.757672092898996,19.745288238835204
1275.0,19.749883741662327,19.737462846090207
1276.0,19.742035934015966,19.72950205013504
1277.0,19.734107062652775,19.721379775666968
1278.0,19.72607394571407,19.713067909955473
1279.0,19.717911252527006,19.70453627902065
1280.0,19.709592201674752,19.69575285245929
1281.0,19.701087543481314,19.68668350295295
1282.0,19.692365408485834,19.67729237619567
1283.0,19.683391421729887,19.66754192626169
1284.0,19.67412879259408,19.65739297762282
1285.0,19.664538541552268,19.646804919951908
1286.0,19.654579048860846,19.63573594525831
1287.0,19.64420602700772,19.62414329107945
1288.0,19.633373947413645,19.611983432342065
1289.0,19.62203458165444,19.59921237576444
1290.0,19.61013838752225,19.585785922715438
1291.0,19.597632331890228,19.57165991821796
1292.0,19.584465856502142,19.556790637394545
1293.0,19.570584526613665,19.541134713570763
1294.0,19.555934850965194,19.52464957662588
1295.0,19.54046215168491,19.50729333172992
1296.0,19.52411223411803,19.4890250897138
1297.0,19.506831594290855,19.469805605561877
1298.0,19.488568353194694,19.449597444882123
1299.0,19.46927129350346,19.428365142253906
1300.0,19.44889107391565,19.406075371974623
1301.0,19.427379480280592,19.38269712340685
1302.0,19.404692698664316,19.35820186553152
1303.0,19.38078735301048,19.332563694766893
1304.0,19.3556228975703,19.305759465013967
1305.0,19.329163688182696,19.277768902450443
1306.0,19.3013770157456,19.248574694557824
1307.0,19.272232700449518,19.218162558973983
1308.0,19.241705199865144,19.186521298600677
1309.0,19.20977264798848,19.153642839592536
1310.0,19.17641767378752,19.119522235533275
1311.0,19.14162940329429,19.084157654904324
1312.0,19.105398293040523,19.04755036489658
1313.0,19.067718118275263,19.009704804916403
1314.0,19.028589958555294,18.970629297487783
1315.0,18.98801865965221,18.930334367522452
1316.0,18.94601171845964,18.888833441269185
1317.0,18.90258399225157,18.846142774793385
1318.0,18.857747495678268,18.80228131127673
1319.0,18.81152419142588,18.757270576990585
1320.0,18.763939911299737,18.711134599147563
1321.0,18.715020977905375,18.663899733627954
1322.0,18.66479753648355,18.61559461952644
1323.0,18.61330345528094,18.566250043554216
1324.0,18.560576146204497,18.515898701416095
1325.0,18.506656075005388,18.46457505663821
1326.0,18.451587870511958,18.412315015539814
1327.0,18.395417799935352,18.35915597817882
1328.0,18.33819377168281,18.305136893223853
1329.0,18.27996003625395,18.250298003366215
1330.0,18.220769365976523,18.19468043550159
1331.0,18.16067337455124,18.138326174564092
1332.0,18.099725410512583,18.081277900234305
1333.0,18.0379830997689,18.023578687870057
1334.0,17.975503366320293,17.965271829281708
1335.0,17.912337965740754,17.906400894383413
1336.0,17.848542179535613,17.847009864172122
1337.0,17.78417294828087,17.78714245776373
1338.0,17.719285491944657,17.726842367272038
1339.0,17.653934026520343,17.66615405379626
1340.0,17.588172294680966,17.605121858463225
1341.0,17.522056225077613,17.543789616100952
1342.0,17.45564088052871,17.482199476246727
1343.0,17.388981105266215,17.420391981787308
1344.0,17.322130750168814,17.358407350954685
1345.0,17.255142205991355,17.29628635396852
1346.0,17.188063411692845,17.23406899394217
1347.0,17.120940767214197,17.171794950747838
1348.0,17.053820311527804,17.109503414430947
1349.0,16.986746891724792,17.04723255632747
1350.0,16.919768696892767,16.98501497102704
1351.0,16.92053579791106,16.98131912957262
1352.0,16.921159055643194,16.977761338778862
1353.0,16.921681529125028,16.97432820185011
1354.0,16.922129488910137,16.971008992552846
1355.0,16.922521339702822,16.96779390660953
1356.0,16.92287018826911,16.964674241260944
1357.0,16.92318535430191,16.96164227610874
1358.0,16.92347345047397,16.95869115784347
1359.0,16.923739134131303,16.955814779321877
1360.0,16.923985664989875,16.953007685318383
1361.0,16.92421530701146,16.950264991169412
1362.0,16.92442961641306,16.94758231088225
1363.0,16.92462965516497,16.944955698028515
1364.0,16.92481613904616,16.942381592163287
1365.0,16.924989548007815,16.939856774013982
1366.0,16.925150203026007,16.937378325924257
1367.0,16.925298321917694,16.934943597959347
1368.0,16.925434057569213,16.932550177524032
1369.0,16.92555752562346,16.930195864116307
1370.0,16.925668822181798,16.92787864540645
1371.0,16.92576803703939,16.925596678383318
1372.0,16.925855261678315,16.92334827116238
1373.0,16.925930593653018,16.921131867609226
1374.0,16.925994139325145,16.918946033095562
1375.0,16.926046015978116,16.916789443397256
1376.0,16.926086351379674,16.914660873279274
1377.0,16.92611528345924,16.91255918704174
1378.0,16.926132960133376,16.91048333044129
1379.0,16.926139537320402,16.908432322624112
1380.0,16.926135178367073,16.906405249623383
1381.0,16.92612005273598,16.904401258502027
1382.0,16.92609433496188,16.902419551687117
1383.0,16.926058203197453,16.90045938239026
1384.0,16.926011838711737,16.898520050041473
1385.0,16.925955424358527,16.896600896650845
1386.0,16.92588914427139,16.89470130289651
1387.0,16.925813182553497,16.892820685389676
1388.0,16.925727723483128,16.890958493557577
1389.0,16.92563295005123,16.889114207080063
1390.0,16.925529043630565,16.887287333489105
1391.0,16.925416184160518,16.885477406182364
1392.0,16.92529454901031,16.88368398224435
1393.0,16.925164313321122,16.881906640991183
1394.0,16.925025649313575,16.88014498190343
1395.0,16.924878726409073,16.878398623658363
1396.0,16.92472371084834,16.876667202479428
1397.0,16.92456076572693,16.874950370966616
1398.0,16.924390050773653,16.873247796979655
1399.0,16.92421172241557,16.87155916261341
1400.0,16.924025933629547,16.869884163210735
1401.0,16.923832833982914,16.868222506571374
1402.0,16.923632569660043,16.86657391201191
1403.0,16.9234252834188,16.86493810978441
1404.0,16.923211114581385,16.863314840308504
1405.0,16.92299019918269,16.861703853550637
1406.0,16.92276266989567,16.860104908461402
1407.0,16.922528656170876,16.85851777243547
1408.0,16.922288284224628,16.856942220801
1409.0,16.922041677127204,16.855378036404865
1410.0,16.92178895490047,16.85382500911653
1411.0,16.921530234532433,16.852282935513433
1412.0,16.92126563002035,16.850751618468234
1413.0,16.92099525252717,16.849230866835008
1414.0,16.92071921038248,16.84772049509262
1415.0,16.920437609174606,16.846220323099253
1416.0,16.920150551843903,16.84473017582279
1417.0,16.919858138705468,16.84324988304454
1418.0,16.919560467543185,16.841779279136997
1419.0,16.919257633691295,16.84031820287811
1420.0,16.918949730081025,16.838866497195287
1421.0,16.918636847323658,16.837424009024083
1422.0,16.918319073746893,16.835990589067446
1423.0,16.91799649551441,16.83456609169881
1424.0,16.917669196614742,16.833150374744285
1425.0,16.91733725900034,16.831743299377543
1426.0,16.917000762582703,16.83034472995538
1427.0,16.91665978533654,16.82895453390025
1428.0,16.91631440332892,16.82757258158283
1429.0,16.915964690784257,16.82619874619008
1430.0,16.91561072014627,16.824832903643003
1431.0,16.915252562112695,16.823474932472486
1432.0,16.91489028570198,16.82212471374122
1433.0,16.914523958297565,16.820782130943307
1434.0,16.914153645684895,16.819447069924085
1435.0,16.91377941212405,16.818119418804006
1436.0,16.913401320366447,16.816799067897996
1437.0,16.913019431722557,16.815485909648068
1438.0,16.912633806075767,16.814179838547766
1439.0,16.912244501960565,16.812880751092912
1440.0,16.91185157656762,16.81158854570895
1441.0,19.965618334815307,17.056420569915836
1442.0,19.999445171477085,17.542365423934623
1443.0,19.999920880953773,18.118061231405093
1444.0,19.999950431563697,18.644536658170562
1445.0,19.999958580265304,19.060022242811307
1446.0,19.999962026555714,19.360631238795136
1447.0,19.999963933416247,19.56739357844357
1448.0,19.999965251727563,19.705703742047245
1449.0,19.999966296531312,19.797006589682624
1450.0,19.999967190158173,19.85704874512002
1451.0,19.9999680172317,19.896625139175036
1452.0,19.999968788939846,19.922878613399703
1453.0,19.99996951790961,19.94045439976241
1454.0,19.999970236543742,19.95235324786964
1455.0,19.999970897053657,19.960512927849972
1456.0,19.99997152931639,19.966189389924374
1457.0,19.999972135059817,19.97020157586304
1458.0,19.99997271587978,19.973087471784112
1459.0,19.99997327312459,19.975203436767096
1460.0,19.999973807991843,19.976787589497796
1461.0,19.99997432157013,19.97800046335302
1462.0,19.9999748148714,19.978951257370504
1463.0,19.99997528883774,19.979714912451335
1464.0,19.999975744386894,19.98034331551
1465.0,19.99997618234227,19.980872700235217
1466.0,19.99997660352406,19.98132859127724
1467.0,19.999977008688507,19.9817291225322
1468.0,19.999977398573858,19.982087289792776
1469.0,19.999977773866483,19.982412487249356
1470.0,19.999978135226428,19.982711567443026
1471.0,19.999978483285535,19.982989574704103
1472.0,19.999978818628946,19.98325025786719
1473.0,19.999979141837574,19.98349643271334
1474.0,19.99997945344409,19.983730236843595
1475.0,19.999979753962915,19.9839533115412
1476.0,19.999980043886367,19.984166932784312
1477.0,19.999980323678468,19.98437210625523
1478.0,19.999980593777316,19.984569635160476
1479.0,19.99998085460898,19.984760170505055
1480.0,19.999981106570882,19.984944248006073
1481.0,19.999981350046465,19.985122315021076
1482.0,19.999981566638937,19.98529475035884
1483.0,19.999981793893237,19.985461881606497
1484.0,19.999982014586017,19.985623992935892
1485.0,19.99998222816302,19.98578133579222
1486.0,19.999982434879765,19.985934135305136
1487.0,19.99998263502014,19.986082594902914
1488.0,19.99998282885368,19.986226900206947
1489.0,19.99998301664223,19.986367221975012
1490.0,19.999983198630755,19.98650371862105
1491.0,19.999983375057255,19.98663653765992
1492.0,19.999983546141603,19.986765817543525
1493.0,19.999983712101475,19.986891688495852
1494.0,19.999983873140472,19.98701427359591
1495.0,19.999984029452722,19.987133689561514
1496.0,19.999984181224693,19.98725004729979
1497.0,19.999984328633175,19.987363452450047
1498.0,19.99998447184822,19.98747400582986
1499.0,19.999984611030722,19.98758180377123
1500.0,19.999984746336086,19.987686938488384
1501.0,19.999984877910855,19.987789498289562
1502.0,19.999985005897027,19.98788956789185
1503.0,19.99998513042816,19.987987228553283
1504.0,19.99998525163434,19.988082558350982
1505.0,19.999985369637365,19.988175632261513
1506.0,19.99998548455638,19.9882665224115
1507.0,19.999985596502555,19.988355298125114
1508.0,19.999985705585193,19.988442026149812
1509.0,19.999985811905844,19.9885267706878
1510.0,19.99998591556481,19.988609593592095
1511.0,19.99998601665501,19.98869055440169
1512.0,19.999986115268452,19.988769710491635
1513.0,19.99998621149041,19.98884711714582
1514.0,19.999986305405137,19.988922827620407
1515.0,19.99998639709124,19.988996893312564
1516.0,19.999986486625076,19.989069363683516
1517.0,19.999986574080964,19.989140286558424
1518.0,19.99998665952824,19.98920970797443
1519.0,19.999986743033233,19.98927767236222
1520.0,19.99998682466192,19.989344222588734
1521.0,19.999986904475083,19.989409400045343
1522.0,19.999986982532477,19.989473244638397
1523.0,19.99998705889191,19.989535794955913
1524.0,19.99998713360695,19.9895970882052
1525.0,19.999987206731124,19.989657160332
1526.0,19.99998727831467,19.98971604603929
1527.0,19.999987348405675,19.989773778861437
1528.0,19.99998741705131,19.989830391199185
1529.0,19.99998748429627,19.989885914344093
1530.0,19.99998755018378,19.98994037853148
1531.0,19.998626815934696,19.988142120212473
1532.0,19.997284600465903,19.98637346507834
1533.0,19.995950155176182,19.984622421628437
1534.0,19.994620934053767,19.982887267546268
1535.0,19.993295629917117,19.981167354153747
1536.0,19.991973415424646,19.9794621915912
1537.0,19.990653750310283,19.97777132702498
1538.0,19.989336288083,19.976094329792787
1539.0,19.988020820772707,19.97443078998857
1540.0,19.98670723360647,19.972780313415313
1541.0,19.985395477003912,19.971142521530858
1542.0,19.984085547553516,19.969517052483468
1543.0,19.98277747096807,19.967903558545256
1544.0,19.98147129159958,19.96630170539381
1545.0,19.980167065829512,19.964711172136845
1546.0,19.97886485637655,19.963131650347613
1547.0,19.977564729017775,19.961562843776875
1548.0,19.97626674829577,19.960004466787417
1549.0,19.974970977920503,19.958456244984312
1550.0,19.973677477783824,19.956917913829862
1551.0,19.97238630472755,19.95538921880166
1552.0,19.971097510853888,19.953869914554165
1553.0,19.969811144292912,19.952359764611014
1554.0,19.968527248431194,19.95085854118978
1555.0,19.967245862392765,19.949366024196458
1556.0,19.96596702099612,19.94788200201581
1557.0,19.96469075449896,19.946406269538905
1558.0,19.963417090295902,19.944938629812675
1559.0,19.96214605145142,19.943478891981407
1560.0,19.960877656955613,19.942026871799488
1561.0,19.959611923656453,19.940582391504876
1562.0,19.95834886427654,19.93914527910648
1563.0,19.95708848975753,19.93771536861149
1564.0,19.955830807442968,19.93629249927775
1565.0,19.954575823169694,19.934876515977663
1566.0,19.953323539838784,19.933467268288204
1567.0,19.952073958762107,19.93206461115167
1568.0,19.95082707917223,19.930668403764436
1569.0,19.94958289845951,19.92927851008664
1570.0,19.94834141259817,19.927894798250914
1571.0,19.947102616108864,19.92651714069698
1572.0,19.9458665021872,19.92514541371677
1573.0,19.944633062729302,19.92377949760752
1574.0,19.943402288661936,19.922419276202014
1575.0,19.942174169821026,19.921064637079745
1576.0,19.94094869514022,19.919715471082498
1577.0,19.9397258528745,19.918371672475047
1578.0,19.938505630486496,19.917033138555635
1579.0,19.937288014601442,19.915699769866773
1580.0,19.936072991474898,19.914371469711732
1581.0,19.93486054671768,19.913048144379204
1582.0,19.933650665484922,19.911729702798613
1583.0,19.932443332580593,19.910416056541912
1584.0,19.931238532315653,19.90910711975941
1585.0,19.930036248812257,19.90780280900564
1586.0,19.928836465781103,19.906503043225666
1587.0,19.927639166808383,19.905207743630438
1588.0,19.92644433523872,19.903916833592834
1589.0,19.925251954149807,19.90263023869553
1590.0,19.9240620065178,19.90134788648485
1591.0,19.92287447532162,19.900069706494527
1592.0,19.921689343258027,19.898795630168514
1593.0,19.92050659313041,19.897525590806026
1594.0,19.919326207636864,19.89625952344979
1595.0,19.918148169324724,19.89499736490223
1596.0,19.916972460852296,19.893739053581484
1597.0,19.915799064904885,19.892484529536965
1598.0,19.914627964085074,19.89123373434034
1599.0,19.913459141157354,19.889986611089547
1600.0,19.912292578867998,19.888743104310425
1601.0,19.91112825996321,19.88750315993054
1602.0,19.909966167394767,19.886266725234286
1603.0,19.90880628403192,19.885033748814436
1604.0,19.9076485930084,19.883804180526745
1605.0,19.906493077370246,19.88257797147032
1606.0,19.905339720333178,19.881355073897904
1607.0,19.904188505365653,19.880135441261373
1608.0,19.903039415830687,19.878919028082592
1609.0,19.90189243537676,19.87770578997716
1610.0,19.90074754766072,19.8764956836091
1611.0,19.89960473654726,19.87528866663777
1612.0,19.89846398595609,19.87408469772911
1613.0,19.897325280025488,19.87288373647118
1614.0,19.89618860294504,19.871685743400757
1615.0,19.895053939129653,19.87049067992231
1616.0,19.893921273048825,19.869298508330427
1617.0,19.89279058940134,19.868109191738892
1618.0,19.89166187294487,19.866922694094754
1619.0,19.89053510866436,19.865738980122607
1620.0,19.889410281626077,19.864558015322192
1621.0,19.877551018441814,19.857058953023678
1622.0,19.867828362916505,19.849724068224827
1623.0,19.859016547209755,19.842504612701884
1624.0,19.850734712852265,19.835372950525482
1625.0,19.842796154487253,19.82830708504671
1626.0,19.83509276310334,19.82128805357507
1627.0,19.827555143813267,19.81429890274296
1628.0,19.820135721530402,19.807323864066056
1629.0,19.81279901505411,19.800347525514063
1630.0,19.805518514047098,19.793354533789596
1631.0,19.798271214941945,19.786328985974137
1632.0,19.79103756654171,19.779254329390774
1633.0,19.78379915609075,19.77211292550604
1634.0,19.776537794562408,19.764885809062257
1635.0,19.769235829318063,19.757552488199398
1636.0,19.76187463234202,19.750090808407993
1637.0,19.754434421212174,19.7424768666622
1638.0,19.746893743729345,19.734684880590706
1639.0,19.73922984036846,19.72668717235818
1640.0,19.731417968205932,19.71845432756468
1641.0,19.7234312126841,19.70995503503157
1642.0,19.715240295710075,19.701156371960103
1643.0,19.706813494433483,19.692023839245287
1644.0,19.698117360085927,19.682521424982735
1645.0,19.68911594726081,19.672611775071275
1646.0,19.679770874557494,19.662256427913928
1647.0,19.670041260749805,19.6514160293272
1648.0,19.65988535032707,19.640050521894516
1649.0,19.64925922293678,19.628119351272122
1650.0,19.638116156405413,19.6155817561184
1651.0,19.626408024015475,19.602397026165754
1652.0,19.61408821635099,19.5885247757107
1653.0,19.60110620058586,19.57392490719229
1654.0,19.587412297817256,19.558558057881154
1655.0,19.572956660404323,19.542385366514598
1656.0,19.557688851557124,19.525368984131703
1657.0,19.541559233758267,19.507472488653878
1658.0,19.524519981734933,19.488661093314324
1659.0,19.50652343781495,19.468901791223825
1660.0,19.48752355028251,19.448163509042548
1661.0,19.46747576014435,19.42641726265421
1662.0,19.446339336538777,19.403636323144518
1663.0,19.424073240231586,19.37979632821869
1664.0,19.400639989238726,19.354875423157633
1665.0,19.376006092183893,19.328854357655125
1666.0,19.350140532353418,19.30171656887314
1667.0,19.323014712912464,19.27344825100402
1668.0,19.294604363617974,19.244038401120907
1669.0,19.264889225682353,19.213478851660376
1670.0,19.23385292330247,19.181764272153483
1671.0,19.201484057016156,19.148892168884828
1672.0,19.167771534445265,19.11486326509506
1673.0,19.132710205435068,19.079681376017078
1674.0,19.096300443911794,19.043352593333385
1675.0,19.058543353130794,19.005885759893577
1676.0,19.019446955737017,18.967292384383658
1677.0,18.979022096768883,18.92758655483984
1678.0,18.93728058554168,18.886784797092503
1679.0,18.894241521156676,18.844906034686538
1680.0,18.849926316283337,18.801971485798845
1681.0,18.804358251198714,18.758004540329516
1682.0,18.757564098694964,18.71303071725257
1683.0,18.70957419492536,18.66707745726914
1684.0,18.660422012844627,18.62017399499122
1685.0,18.61014401785205,18.57235111433364
1686.0,18.55878064109659,18.523640956010574
1687.0,18.506374164817256,18.474077193719303
1688.0,18.45296307663886,18.423694891475566
1689.0,18.398591790505474,18.37253023714021
1690.0,18.3433061795534,18.320620247304696
1691.0,18.28715271659043,18.26800283427975
1692.0,18.230180769048708,18.214716531716206
1693.0,18.172443915341272,18.1608001062421
1694.0,18.113989531295722,18.10629261050068
1695.0,18.054865777997385,18.051233692092048
1696.0,17.99512430892687,17.99566318781179
1697.0,17.93481607242149,17.93962043021385
1698.0,17.873990583655832,17.883145616892072
1699.0,17.812696783162508,17.826279312928058
1700.0,17.75098477057798,17.769061799982076
1701.0,17.688906049124363,17.71153262166212
1702.0,17.626510826087724,17.65372957735098
1703.0,17.563849254862852,17.5956892725868
1704.0,17.50097059486051,17.5374491851101
1705.0,17.437921557280205,17.479046694262813
1706.0,17.37474505434556,17.420518597082452
1707.0,17.311484017767523,17.361901460033813
1708.0,17.248180799666507,17.303231488090454
1709.0,17.184878315823447,17.24454137528221
1710.0,17.121624298155815,17.185859082178606
1711.0,17.12238364898278,17.182358086006772
1712.0,17.123005628035465,17.17898888165424
1713.0,17.12353149184117,17.17573890246705
1714.0,17.123986321466226,17.172597889332028
1715.0,17.124387678314903,17.169556452152243
1716.0,17.124748063902548,17.16660625310165
1717.0,17.125076374301035,17.16373990111382
1718.0,17.125378913710975,17.16095083037769
1719.0,17.125660122060737,17.158233189884676
1720.0,17.125923107185187,17.155581755075964
1721.0,17.126170024848754,17.152991846497113
1722.0,17.12640235719774,17.15045926317496
1723.0,17.126621112735304,17.147980224654475
1724.0,17.126826970915197,17.145551320450046
1725.0,17.127020384764034,17.143169466501273
1726.0,17.12720165735177,17.140831868707906
1727.0,17.127370992003726,17.13853598857274
1728.0,17.127528531363552,17.13627951597079
1729.0,17.12767438145213,17.134060343189134
1730.0,17.127808631428316,17.13187654402
1731.0,17.12793136294331,17.12972635348206
1732.0,17.12804266061652,17.12760815219718
1733.0,17.128142613832416,17.1255204501736
1734.0,17.128231322262735,17.12346187503722
1735.0,17.128308894342137,17.121431159098016
1736.0,17.128375450108827,17.11942713033313
1737.0,17.128431118404784,17.117448702037663
1738.0,17.12847603837165,17.115494865873238
1739.0,17.128510356333102,17.113564683504745
1740.0,17.128534226661007,17.111657281245122
1741.0,17.12854780880262,17.10977184320563
1742.0,17.128551267841445,17.10790760720109
1743.0,17.12854477193901,17.106063859048465
1744.0,17.128528492601525,17.104239929473465
1745.0,17.128502602951922,17.10243518936275
1746.0,17.128467277030417,17.10064904720593
1747.0,17.12842268947151,17.098880945426874
1748.0,17.128369014633172,17.097130358178937
1749.0,17.128306425930326,17.095396788293606
1750.0,17.128235095579164,17.093679765624056
1751.0,17.128155194066537,17.091978844417707
1752.0,17.12806688973668,17.090293601869572
1753.0,17.12797034870449,17.088623636136123
1754.0,17.127865734513993,17.086968565121452
1755.0,17.127753207935104,17.08532802467927
1756.0,17.127632926830962,17.08370166764453
1757.0,17.127505046069096,17.08208916245671
1758.0,17.127369717355805,17.08049019214212
1759.0,17.12722708928715,17.078904453380996
1760.0,17.127077307208744,17.077331655500267
1761.0,17.126920513275273,17.07577151972521
1762.0,17.126756846371155,17.074223778329223
1763.0,17.12658644217811,17.07268817403435
1764.0,17.12640943319618,17.071164459244553
1765.0,17.12622594866901,17.06965239550517
1766.0,17.126036114790416,17.068151752921622
1767.0,17.125840054661598,17.066662309773545
1768.0,17.125637888320828,17.065183851798853
1769.0,17.125429732825253,17.063716171986886
1770.0,17.1252157023461,17.062259070018747
1771.0,17.124995908132348,17.060812351984083
1772.0,17.124770458710568,17.059375829978798
1773.0,17.12453945980876,17.057949321824225
1774.0,17.124303014532458,17.05653265072076
1775.0,17.124061223380632,17.05512564499958
1776.0,17.123814184315144,17.053728137828696
1777.0,17.123561992828705,17.052339967063546
1778.0,17.123304742015367,17.05096097488071
1779.0,17.123042522629056,17.049591007661913
1780.0,17.122775423164676,17.04822991578199
1781.0,17.122503529888803,17.046877553405555
1782.0,17.122226926941003,17.045533778339045
1783.0,17.121945696356086,17.044198451848324
1784.0,17.121659918159658,17.042871438528525
1785.0,17.121369670392305,17.04155260614522
1786.0,17.12107502919898,17.040241825519484
1787.0,17.120776068852777,17.0389389703887
1788.0,17.120472861839737,17.037643917304905
1789.0,17.120165478881262,17.036356545512913
1790.0,17.119853989014608,17.03507673685897
1791.0,17.119538459613942,17.033804375685577
1792.0,17.119218956466362,17.032539348746468
1793.0,17.11889554379201,17.031281545119565
1794.0,17.118568284314932,17.030030856121762
1795.0,17.11823723928364,17.02878717524603
1796.0,17.117902468533234,17.027550398069263
1797.0,17.11756403051498,17.02632042220558
1798.0,17.11722198234576,17.025097147224095
1799.0,17.116876379827353,17.02388047460074
1800.0,17.1165272775323,17.022670307658892
