,temp
0,19.770658493041992
1,19.936321258544922
2,19.97445297241211
3,19.987159729003906
4,19.992290496826172
5,19.994640350341797
6,19.995826721191406
7,19.996475219726562
8,19.99686050415039
9,19.99710464477539
10,19.997272491455078
11,19.997392654418945
12,19.997486114501953
13,19.99756622314453
14,19.997634887695312
15,19.997692108154297
16,19.997743606567383
17,19.997793197631836
18,19.997838973999023
19,19.997882843017578
20,19.997922897338867
21,19.997961044311523
22,19.997997283935547
23,19.99803352355957
24,19.998065948486328
25,19.998098373413086
26,19.998130798339844
27,19.998159408569336
28,19.998188018798828
29,19.99821662902832
30,19.998241424560547
31,19.998268127441406
32,19.998292922973633
33,19.99831771850586
34,19.998342514038086
35,19.998363494873047
36,19.99838638305664
37,19.9984073638916
38,19.998428344726562
39,19.99844741821289
40,19.99846649169922
41,19.998485565185547
42,19.998502731323242
43,19.99852180480957
44,19.998538970947266
45,19.998554229736328
46,19.998571395874023
47,19.998586654663086
48,19.99860191345215
49,19.99861717224121
50,19.998632431030273
51,19.998645782470703
52,19.998659133911133
53,19.998672485351562
54,19.998685836791992
55,19.998699188232422
56,19.99871253967285
57,19.99872398376465
58,19.998737335205078
59,19.99874496459961
60,19.99875831604004
61,19.998767852783203
62,19.998779296875
63,19.99879264831543
64,19.998802185058594
65,19.998811721801758
66,19.998821258544922
67,19.998830795288086
68,19.99884033203125
69,19.998849868774414
70,19.998859405517578
71,19.99886703491211
72,19.99887466430664
73,19.998884201049805
74,19.998891830444336
75,19.998899459838867
76,19.99890899658203
77,19.99891471862793
78,19.998924255371094
79,19.998929977416992
80,19.998939514160156
81,19.998945236206055
82,19.998950958251953
83,19.998958587646484
84,19.998966217041016
85,19.998973846435547
86,19.998979568481445
87,19.998985290527344
88,19.998991012573242
89,19.99899673461914
90,19.9965877532959
91,19.994110107421875
92,19.9915714263916
93,19.98898696899414
94,19.98636245727539
95,19.983701705932617
96,19.98101043701172
97,19.97829818725586
98,19.975566864013672
99,19.97281837463379
100,19.97005844116211
101,19.9672908782959
102,19.964515686035156
103,19.961734771728516
104,19.958955764770508
105,19.9561710357666
106,19.95339012145996
107,19.95060920715332
108,19.94782829284668
109,19.945056915283203
110,19.942283630371094
111,19.93952178955078
112,19.936763763427734
113,19.934009552001953
114,19.931262969970703
115,19.928524017333984
116,19.92579460144043
117,19.92307472229004
118,19.920360565185547
119,19.91765594482422
120,19.914960861206055
121,19.912273406982422
122,19.909595489501953
123,19.90692901611328
124,19.904272079467773
125,19.901620864868164
126,19.898983001708984
127,19.896352767944336
128,19.89373779296875
129,19.891124725341797
130,19.888526916503906
131,19.885936737060547
132,19.88335418701172
133,19.88078498840332
134,19.878225326538086
135,19.875675201416016
136,19.87313461303711
137,19.87060546875
138,19.868083953857422
139,19.865570068359375
140,19.86307144165039
141,19.860580444335938
142,19.858097076416016
143,19.85562515258789
144,19.853160858154297
145,19.8507080078125
146,19.848262786865234
147,19.845827102661133
148,19.84339714050293
149,19.84098243713379
150,19.838573455810547
151,19.8361759185791
152,19.833784103393555
153,19.831401824951172
154,19.829030990600586
155,19.826663970947266
156,19.82430648803711
157,19.821962356567383
158,19.819622039794922
159,19.817291259765625
160,19.81496810913086
161,19.812654495239258
162,19.810344696044922
163,19.808048248291016
164,19.805761337280273
165,19.803478240966797
166,19.80120849609375
167,19.798938751220703
168,19.796680450439453
169,19.794429779052734
170,19.792190551757812
171,19.78995704650879
172,19.787731170654297
173,19.785511016845703
174,19.78329849243164
175,19.781095504760742
176,19.77889633178711
177,19.776708602905273
178,19.774526596069336
179,19.772350311279297
180,19.742069244384766
181,19.724992752075195
182,19.71140480041504
183,19.699481964111328
184,19.68851089477539
185,19.67814826965332
186,19.66818618774414
187,19.65850830078125
188,19.6490421295166
189,19.63972282409668
190,19.630504608154297
191,19.62135124206543
192,19.612224578857422
193,19.603092193603516
194,19.593914031982422
195,19.584653854370117
196,19.575271606445312
197,19.565715789794922
198,19.55593490600586
199,19.54587173461914
200,19.535465240478516
201,19.524646759033203
202,19.51333999633789
203,19.50146484375
204,19.488935470581055
205,19.475666046142578
206,19.461557388305664
207,19.446508407592773
208,19.430423736572266
209,19.413190841674805
210,19.39471435546875
211,19.374887466430664
212,19.353595733642578
213,19.330739974975586
214,19.306222915649414
215,19.279939651489258
216,19.25179672241211
217,19.22170639038086
218,19.189586639404297
219,19.155351638793945
220,19.11893653869629
221,19.080278396606445
222,19.03931999206543
223,18.99601936340332
224,18.950336456298828
225,18.902240753173828
226,18.851722717285156
227,18.798770904541016
228,18.74338150024414
229,18.68557357788086
230,18.62535858154297
231,18.56277084350586
232,18.497848510742188
233,18.430635452270508
234,18.361188888549805
235,18.289575576782227
236,18.215858459472656
237,18.140119552612305
238,18.06244468688965
239,17.98292350769043
240,17.901647567749023
241,17.81871795654297
242,17.73424530029297
243,17.648330688476562
244,17.56108856201172
245,17.47262954711914
246,17.38306999206543
247,17.292524337768555
248,17.201108932495117
249,17.10893440246582
250,17.016124725341797
251,16.92279052734375
252,16.829050064086914
253,16.735008239746094
254,16.64078140258789
255,16.54648208618164
256,16.452205657958984
257,16.358060836791992
258,16.264148712158203
259,16.170560836791992
260,16.077396392822266
261,15.984739303588867
262,15.892679214477539
263,15.801295280456543
264,15.710670471191406
265,15.620867729187012
266,15.531964302062988
267,15.444025993347168
268,15.357110977172852
269,15.271273612976074
270,15.2717866897583
271,15.2722806930542
272,15.27275562286377
273,15.273214340209961
274,15.273649215698242
275,15.274067878723145
276,15.27446174621582
277,15.274835586547852
278,15.275184631347656
279,15.2755126953125
280,15.275815963745117
281,15.276100158691406
282,15.276362419128418
283,15.276601791381836
284,15.276817321777344
285,15.277017593383789
286,15.277191162109375
287,15.277348518371582
288,15.277483940124512
289,15.277600288391113
290,15.27769660949707
291,15.277775764465332
292,15.277836799621582
293,15.27787971496582
294,15.27790355682373
295,15.277911186218262
296,15.277902603149414
297,15.277877807617188
298,15.277837753295898
299,15.277780532836914
300,15.2777099609375
301,15.277624130249023
302,15.2775239944458
303,15.277410507202148
304,15.277284622192383
305,15.277142524719238
306,15.276989936828613
307,15.276823043823242
308,15.276641845703125
309,15.276449203491211
310,15.276247024536133
311,15.276031494140625
312,15.275805473327637
313,15.2755708694458
314,15.275323867797852
315,15.275064468383789
316,15.27479362487793
317,15.274516105651855
318,15.2742280960083
319,15.273931503295898
320,15.273625373840332
321,15.273305892944336
322,15.272979736328125
323,15.272645950317383
324,15.272306442260742
325,15.271954536437988
326,15.271596908569336
327,15.27122974395752
328,15.270856857299805
329,15.270474433898926
330,15.270086288452148
331,15.269691467285156
332,15.269287109375
333,15.268877029418945
334,15.268460273742676
335,15.268035888671875
336,15.267605781555176
337,15.267168045043945
338,15.26672649383545
339,15.266275405883789
340,15.26581859588623
341,15.265356063842773
342,15.26488971710205
343,15.26441764831543
344,15.263938903808594
345,15.263456344604492
346,15.262968063354492
347,15.262475967407227
348,15.26197338104248
349,15.26147174835205
350,15.260961532592773
351,15.26044750213623
352,15.259931564331055
353,15.259408950805664
354,15.258880615234375
355,15.258349418640137
356,15.257814407348633
357,15.257272720336914
358,15.25672721862793
359,15.256181716918945
360,19.86294174194336
361,19.961692810058594
362,19.984495162963867
363,19.992115020751953
364,19.995201110839844
365,19.99661636352539
366,19.997333526611328
367,19.997730255126953
368,19.997961044311523
369,19.998111724853516
370,19.998214721679688
371,19.998287200927734
372,19.99834632873535
373,19.998397827148438
374,19.998437881469727
375,19.998472213745117
376,19.998510360717773
377,19.998538970947266
378,19.998567581176758
379,19.998592376708984
380,19.99861717224121
381,19.998641967773438
382,19.99866485595703
383,19.998687744140625
384,19.998706817626953
385,19.998727798461914
386,19.99874496459961
387,19.99876594543457
388,19.998783111572266
389,19.998802185058594
390,19.998817443847656
391,19.99883460998535
392,19.99884796142578
393,19.998863220214844
394,19.998878479003906
395,19.998891830444336
396,19.998905181884766
397,19.998918533325195
398,19.998929977416992
399,19.998943328857422
400,19.99895477294922
401,19.998966217041016
402,19.998979568481445
403,19.99898910522461
404,19.99900245666504
405,19.999011993408203
406,19.999019622802734
407,19.99903106689453
408,19.999038696289062
409,19.99905014038086
410,19.99905776977539
411,19.999065399169922
412,19.999074935913086
413,19.999082565307617
414,19.99909019470215
415,19.999099731445312
416,19.99910545349121
417,19.999113082885742
418,19.999120712280273
419,19.999128341674805
420,19.999134063720703
421,19.999141693115234
422,19.999149322509766
423,19.999155044555664
424,19.999160766601562
425,19.99916648864746
426,19.99917221069336
427,19.99917984008789
428,19.999183654785156
429,19.999189376831055
430,19.999195098876953
431,19.99920082092285
432,19.99920654296875
433,19.999210357666016
434,19.999216079711914
435,19.99921989440918
436,19.999225616455078
437,19.999231338500977
438,19.999235153198242
439,19.99924087524414
440,19.99924659729004
441,19.999248504638672
442,19.99925422668457
443,19.999258041381836
444,19.9992618560791
445,19.999265670776367
446,19.999271392822266
447,19.9992733001709
448,19.999279022216797
449,19.999282836914062
450,19.997547149658203
451,19.995763778686523
452,19.993938446044922
453,19.992069244384766
454,19.990177154541016
455,19.988256454467773
456,19.986310958862305
457,19.98434829711914
458,19.982372283935547
459,19.980382919311523
460,19.978382110595703
461,19.97637367248535
462,19.9743595123291
463,19.972339630126953
464,19.970317840576172
465,19.96829605102539
466,19.966266632080078
467,19.964244842529297
468,19.962215423583984
469,19.960193634033203
470,19.95816993713379
471,19.956151962280273
472,19.954133987426758
473,19.95212173461914
474,19.95011329650879
475,19.948104858398438
476,19.946102142333984
477,19.944107055664062
478,19.942115783691406
479,19.940128326416016
480,19.93814468383789
481,19.93617057800293
482,19.934200286865234
483,19.932231903076172
484,19.93027114868164
485,19.92831802368164
486,19.92637062072754
487,19.92442512512207
488,19.9224853515625
489,19.920555114746094
490,19.918628692626953
491,19.91670799255371
492,19.914796829223633
493,19.912885665893555
494,19.91098403930664
495,19.909088134765625
496,19.907194137573242
497,19.905311584472656
498,19.903430938720703
499,19.901561737060547
500,19.89969253540039
501,19.897830963134766
502,19.895977020263672
503,19.894128799438477
504,19.892282485961914
505,19.890445709228516
506,19.88861656188965
507,19.886789321899414
508,19.884963989257812
509,19.88315200805664
510,19.8813419342041
511,19.879535675048828
512,19.877735137939453
513,19.87594223022461
514,19.8741512298584
515,19.872371673583984
516,19.870594024658203
517,19.868824005126953
518,19.867053985595703
519,19.865293502807617
520,19.863536834716797
521,19.86178207397461
522,19.860034942626953
523,19.858291625976562
524,19.856555938720703
525,19.85482406616211
526,19.853097915649414
527,19.85137367248535
528,19.849655151367188
529,19.847942352294922
530,19.846233367919922
531,19.844528198242188
532,19.842830657958984
533,19.841135025024414
534,19.839445114135742
535,19.837759017944336
536,19.836078643798828
537,19.834400177001953
538,19.83272933959961
539,19.83106231689453
540,19.80828857421875
541,19.794906616210938
542,19.783992767333984
543,19.774259567260742
544,19.76519775390625
545,19.75655746459961
546,19.748197555541992
547,19.74003791809082
548,19.732013702392578
549,19.72408676147461
550,19.716224670410156
551,19.708398818969727
552,19.700578689575195
553,19.692747116088867
554,19.684871673583984
555,19.676931381225586
556,19.668895721435547
557,19.66072654724121
558,19.652393341064453
559,19.643857955932617
560,19.635074615478516
561,19.62598991394043
562,19.616558074951172
563,19.60672378540039
564,19.59642219543457
565,19.585590362548828
566,19.57416343688965
567,19.562068939208984
568,19.54922866821289
569,19.535573959350586
570,19.521024703979492
571,19.505502700805664
572,19.48893165588379
573,19.471223831176758
574,19.452312469482422
575,19.432113647460938
576,19.410554885864258
577,19.387563705444336
578,19.363075256347656
579,19.337018966674805
580,19.309337615966797
581,19.279972076416016
582,19.24887466430664
583,19.215999603271484
584,19.18130874633789
585,19.144763946533203
586,19.10634422302246
587,19.066020965576172
588,19.023784637451172
589,18.979631423950195
590,18.933555603027344
591,18.885562896728516
592,18.835664749145508
593,18.783885955810547
594,18.730243682861328
595,18.67477798461914
596,18.617517471313477
597,18.55850601196289
598,18.49779510498047
599,18.4354305267334
600,18.371471405029297
601,18.30597496032715
602,18.239013671875
603,18.17064094543457
604,18.100934982299805
605,18.029970169067383
606,17.957815170288086
607,17.884552001953125
608,17.810256958007812
609,17.735008239746094
610,17.658885955810547
611,17.581974029541016
612,17.504350662231445
613,17.42609405517578
614,17.347286224365234
615,17.26801109313965
616,17.18834114074707
617,17.108360290527344
618,17.02814292907715
619,16.9477596282959
620,16.867292404174805
621,16.786808013916016
622,16.706371307373047
623,16.626052856445312
624,16.545923233032227
625,16.46603775024414
626,16.386463165283203
627,16.307252883911133
628,16.22846221923828
629,16.150150299072266
630,16.15070343017578
631,16.1512451171875
632,16.151769638061523
633,16.152278900146484
634,16.15277099609375
635,16.153242111206055
636,16.153696060180664
637,16.154125213623047
638,16.154537200927734
639,16.15492820739746
640,16.15530014038086
641,16.155649185180664
642,16.15597915649414
643,16.15628433227539
644,16.156572341918945
645,16.15683937072754
646,16.157085418701172
647,16.157312393188477
648,16.15752410888672
649,16.157716751098633
650,16.157888412475586
651,16.15804672241211
652,16.158184051513672
653,16.158306121826172
654,16.158409118652344
655,16.158493041992188
656,16.158565521240234
657,16.158620834350586
658,16.158662796020508
659,16.158687591552734
660,16.1586971282959
661,16.158695220947266
662,16.158676147460938
663,16.158649444580078
664,16.15860366821289
665,16.158544540405273
666,16.15847396850586
667,16.158390045166016
668,16.158296585083008
669,16.15818977355957
670,16.158071517944336
671,16.157941818237305
672,16.157794952392578
673,16.157649993896484
674,16.157482147216797
675,16.157310485839844
676,16.157127380371094
677,16.156932830810547
678,16.1567325592041
679,16.15652084350586
680,16.156299591064453
681,16.156068801879883
682,16.15583038330078
683,16.155580520629883
684,16.155324935913086
685,16.155059814453125
686,16.154788970947266
687,16.15450668334961
688,16.154216766357422
689,16.153919219970703
690,16.15361785888672
691,16.153303146362305
692,16.152986526489258
693,16.15266227722168
694,16.152326583862305
695,16.151988983154297
696,16.151639938354492
697,16.151287078857422
698,16.150928497314453
699,16.15056610107422
700,16.150192260742188
701,16.149816513061523
702,16.149433135986328
703,16.1490421295166
704,16.14864730834961
705,16.14824676513672
706,16.147838592529297
707,16.147430419921875
708,16.147014617919922
709,16.146595001220703
710,16.146167755126953
711,16.145734786987305
712,16.14529800415039
713,16.14485740661621
714,16.144412994384766
715,16.14396095275879
716,16.143505096435547
717,16.143041610717773
718,16.142581939697266
719,16.14211082458496
720,19.888410568237305
721,19.96877098083496
722,19.987335205078125
723,19.993541717529297
724,19.996055603027344
725,19.997207641601562
726,19.99779510498047
727,19.998119354248047
728,19.998308181762695
729,19.998432159423828
730,19.998516082763672
731,19.998577117919922
732,19.998626708984375
733,19.9986629486084
734,19.998699188232422
735,19.998729705810547
736,19.99875831604004
737,19.998783111572266
738,19.99880599975586
739,19.99882698059082
740,19.998849868774414
741,19.99886703491211
742,19.99888801574707
743,19.998905181884766
744,19.998920440673828
745,19.998939514160156
746,19.99895477294922
747,19.99897003173828
748,19.99898338317871
749,19.998998641967773
750,19.999013900756836
751,19.999027252197266
752,19.999038696289062
753,19.99905014038086
754,19.99906349182129
755,19.999074935913086
756,19.999086380004883
757,19.999095916748047
758,19.99910545349121
759,19.99911880493164
760,19.999126434326172
761,19.999135971069336
762,19.9991455078125
763,19.999155044555664
764,19.999164581298828
765,19.99917221069336
766,19.99917984008789
767,19.999187469482422
768,19.999195098876953
769,19.999202728271484
770,19.999210357666016
771,19.999217987060547
772,19.999225616455078
773,19.99923324584961
774,19.99924087524414
775,19.99924659729004
776,19.999252319335938
777,19.999258041381836
778,19.999263763427734
779,19.999269485473633
780,19.9992733001709
781,19.999279022216797
782,19.999284744262695
783,19.999290466308594
784,19.99929428100586
785,19.99930191040039
786,19.99930763244629
787,19.999309539794922
788,19.99931526184082
789,19.999319076538086
790,19.999324798583984
791,19.99932861328125
792,19.999332427978516
793,19.999338150024414
794,19.999340057373047
795,19.999343872070312
796,19.99934959411621
797,19.999353408813477
798,19.99935531616211
799,19.999359130859375
800,19.99936294555664
801,19.99936866760254
802,19.999370574951172
803,19.999374389648438
804,19.999378204345703
805,19.999380111694336
806,19.9993839263916
807,19.999385833740234
808,19.9993896484375
809,19.999393463134766
810,19.997934341430664
811,19.99642562866211
812,19.994884490966797
813,19.993310928344727
814,19.991710662841797
815,19.990089416503906
816,19.988449096679688
817,19.98678970336914
818,19.985118865966797
819,19.983434677124023
820,19.98174476623535
821,19.980045318603516
822,19.978342056274414
823,19.976634979248047
824,19.97492218017578
825,19.97321128845215
826,19.971498489379883
827,19.96978187561035
828,19.968067169189453
829,19.966352462768555
830,19.964641571044922
831,19.96293067932129
832,19.961223602294922
833,19.959516525268555
834,19.957815170288086
835,19.956113815307617
836,19.95441436767578
837,19.952722549438477
838,19.951030731201172
839,19.9493465423584
840,19.94766616821289
841,19.945985794067383
842,19.94431495666504
843,19.942646026611328
844,19.940982818603516
845,19.939319610595703
846,19.937664031982422
847,19.93601417541504
848,19.934368133544922
849,19.932727813720703
850,19.93109130859375
851,19.92945671081543
852,19.92782974243164
853,19.926206588745117
854,19.924591064453125
855,19.922971725463867
856,19.921367645263672
857,19.919763565063477
858,19.918163299560547
859,19.916566848754883
860,19.914976119995117
861,19.913394927978516
862,19.91181182861328
863,19.91023826599121
864,19.908666610717773
865,19.9070987701416
866,19.905536651611328
867,19.903980255126953
868,19.90242576599121
869,19.900875091552734
870,19.89933204650879
871,19.89779281616211
872,19.896257400512695
873,19.894723892211914
874,19.893199920654297
875,19.891674041748047
876,19.89015769958496
877,19.888639450073242
878,19.887130737304688
879,19.885623931884766
880,19.884122848510742
881,19.882625579833984
882,19.88113021850586
883,19.879642486572266
884,19.87815284729004
885,19.876670837402344
886,19.875194549560547
887,19.87371826171875
888,19.87224769592285
889,19.87078094482422
890,19.86931610107422
891,19.86785888671875
892,19.86639976501465
893,19.86495018005371
894,19.86349868774414
895,19.862051010131836
896,19.860610961914062
897,19.859174728393555
898,19.857738494873047
899,19.856306076049805
900,19.836795806884766
901,19.825180053710938
902,19.81562042236328
903,19.807037353515625
904,19.79901123046875
905,19.79132652282715
906,19.78386878967285
907,19.776569366455078
908,19.769376754760742
909,19.762256622314453
910,19.755178451538086
911,19.74812126159668
912,19.74106788635254
913,19.733989715576172
914,19.726871490478516
915,19.71968650817871
916,19.712413787841797
917,19.70502281188965
918,19.69748878479004
919,19.689773559570312
920,19.68184471130371
921,19.673656463623047
922,19.665172576904297
923,19.65633773803711
924,19.647106170654297
925,19.63742446899414
926,19.627233505249023
927,19.616477966308594
928,19.605091094970703
929,19.593008041381836
930,19.580169677734375
931,19.56650161743164
932,19.551944732666016
933,19.536418914794922
934,19.51987648010254
935,19.50223159790039
936,19.483434677124023
937,19.46341323852539
938,19.442119598388672
939,19.419485092163086
940,19.39546012878418
941,19.369993209838867
942,19.34304428100586
943,19.31456756591797
944,19.28452491760254
945,19.252887725830078
946,19.219633102416992
947,19.184734344482422
948,19.148176193237305
949,19.10995101928711
950,19.070049285888672
951,19.028480529785156
952,18.985244750976562
953,18.94035530090332
954,18.89382553100586
955,18.845680236816406
956,18.79594612121582
957,18.74464988708496
958,18.691831588745117
959,18.637529373168945
960,18.5817813873291
961,18.524639129638672
962,18.46615219116211
963,18.406370162963867
964,18.34535026550293
965,18.283151626586914
966,18.21982765197754
967,18.155445098876953
968,18.090068817138672
969,18.023759841918945
970,17.956579208374023
971,17.88859748840332
972,17.81987953186035
973,17.75048828125
974,17.680500030517578
975,17.609968185424805
976,17.538965225219727
977,17.467552185058594
978,17.395795822143555
979,17.32375717163086
980,17.25149917602539
981,17.1790771484375
982,17.1065616607666
983,17.033994674682617
984,16.961444854736328
985,16.88895606994629
986,16.816587448120117
987,16.744388580322266
988,16.672407150268555
989,16.60068702697754
990,16.60124969482422
991,16.601802825927734
992,16.602344512939453
993,16.602872848510742
994,16.60338020324707
995,16.603872299194336
996,16.604347229003906
997,16.60480308532715
998,16.605239868164062
999,16.605655670166016
1000,16.606054306030273
1001,16.606433868408203
1002,16.606792449951172
1003,16.607133865356445
1004,16.60745620727539
1005,16.607757568359375
1006,16.608041763305664
1007,16.608306884765625
1008,16.608552932739258
1009,16.608787536621094
1010,16.60900115966797
1011,16.609195709228516
1012,16.609376907348633
1013,16.609540939331055
1014,16.609691619873047
1015,16.609821319580078
1016,16.609939575195312
1017,16.610042572021484
1018,16.610126495361328
1019,16.61020278930664
1020,16.61026382446289
1021,16.610307693481445
1022,16.610340118408203
1023,16.6103572845459
1024,16.61036491394043
1025,16.610361099243164
1026,16.61034393310547
1027,16.61031150817871
1028,16.61026954650879
1029,16.61021614074707
1030,16.610151290893555
1031,16.610076904296875
1032,16.609989166259766
1033,16.609893798828125
1034,16.609786987304688
1035,16.609670639038086
1036,16.609542846679688
1037,16.609407424926758
1038,16.609262466430664
1039,16.609107971191406
1040,16.60894775390625
1041,16.608776092529297
1042,16.60859489440918
1043,16.60840606689453
1044,16.608211517333984
1045,16.60800552368164
1046,16.6077938079834
1047,16.607574462890625
1048,16.60734748840332
1049,16.607112884521484
1050,16.606868743896484
1051,16.606618881225586
1052,16.60636329650879
1053,16.606101989746094
1054,16.605831146240234
1055,16.60555076599121
1056,16.605268478393555
1057,16.604976654052734
1058,16.604684829711914
1059,16.604379653930664
1060,16.60407066345215
1061,16.603755950927734
1062,16.603435516357422
1063,16.603113174438477
1064,16.602779388427734
1065,16.60244369506836
1066,16.602102279663086
1067,16.601757049560547
1068,16.601404190063477
1069,16.60104751586914
1070,16.600685119628906
1071,16.600317001342773
1072,16.599943161010742
1073,16.59956932067871
1074,16.59918785095215
1075,16.598804473876953
1076,16.59841537475586
1077,16.598018646240234
1078,16.597620010375977
1079,16.597217559814453
1080,19.901531219482422
1081,19.972431182861328
1082,19.988811492919922
1083,19.99428367614746
1084,19.996503829956055
1085,19.99752426147461
1086,19.99803924560547
1087,19.99832534790039
1088,19.99849510192871
1089,19.99860191345215
1090,19.99867820739746
1091,19.998733520507812
1092,19.998775482177734
1093,19.998811721801758
1094,19.998838424682617
1095,19.998868942260742
1096,19.99889373779297
1097,19.99891471862793
1098,19.99893569946289
1099,19.99895477294922
1100,19.998973846435547
1101,19.998991012573242
1102,19.999008178710938
1103,19.999027252197266
1104,19.999042510986328
1105,19.999055862426758
1106,19.999069213867188
1107,19.999082565307617
1108,19.999095916748047
1109,19.999109268188477
1110,19.999120712280273
1111,19.999134063720703
1112,19.999143600463867
1113,19.999155044555664
1114,19.999164581298828
1115,19.999176025390625
1116,19.99918556213379
1117,19.999195098876953
1118,19.999202728271484
1119,19.99921417236328
1120,19.999221801757812
1121,19.999231338500977
1122,19.99924087524414
1123,19.999248504638672
1124,19.999256134033203
1125,19.999263763427734
1126,19.999271392822266
1127,19.999277114868164
1128,19.999282836914062
1129,19.999290466308594
1130,19.999296188354492
1131,19.99930191040039
1132,19.999309539794922
1133,19.99931526184082
1134,19.99932098388672
1135,19.999324798583984
1136,19.999332427978516
1137,19.999338150024414
1138,19.999343872070312
1139,19.999347686767578
1140,19.999353408813477
1141,19.999357223510742
1142,19.99936294555664
1143,19.99936866760254
1144,19.999370574951172
1145,19.99937629699707
1146,19.999380111694336
1147,19.9993839263916
1148,19.999387741088867
1149,19.999393463134766
1150,19.9993953704834
1151,19.999401092529297
1152,19.999404907226562
1153,19.999408721923828
1154,19.99941062927246
1155,19.999414443969727
1156,19.99941635131836
1157,19.99942398071289
1158,19.99942398071289
1159,19.99942970275879
1160,19.999431610107422
1161,19.999435424804688
1162,19.999439239501953
1163,19.99944305419922
1164,19.99944496154785
1165,19.999448776245117
1166,19.99945068359375
1167,19.999454498291016
1168,19.999454498291016
1169,19.99945831298828
1170,19.998157501220703
1171,19.99681282043457
1172,19.995433807373047
1173,19.994029998779297
1174,19.99260139465332
1175,19.991151809692383
1176,19.989686965942383
1177,19.988203048706055
1178,19.986709594726562
1179,19.985206604003906
1180,19.98369598388672
1181,19.982177734375
1182,19.980653762817383
1183,19.9791259765625
1184,19.977596282958984
1185,19.976064682006836
1186,19.974531173706055
1187,19.972997665405273
1188,19.971466064453125
1189,19.969934463500977
1190,19.968402862548828
1191,19.96687126159668
1192,19.965343475341797
1193,19.963817596435547
1194,19.962295532226562
1195,19.960769653320312
1196,19.959251403808594
1197,19.95773696899414
1198,19.95622444152832
1199,19.954715728759766
1200,19.953210830688477
1201,19.951709747314453
1202,19.95020866394043
1203,19.94871711730957
1204,19.947227478027344
1205,19.945741653442383
1206,19.944255828857422
1207,19.942779541015625
1208,19.94130516052246
1209,19.939836502075195
1210,19.93836784362793
1211,19.936908721923828
1212,19.935449600219727
1213,19.933998107910156
1214,19.932544708251953
1215,19.931102752685547
1216,19.92966079711914
1217,19.928224563598633
1218,19.926788330078125
1219,19.92535972595215
1220,19.923934936523438
1221,19.92251205444336
1222,19.92109489440918
1223,19.919681549072266
1224,19.918272018432617
1225,19.9168643951416
1226,19.915462493896484
1227,19.9140625
1228,19.912670135498047
1229,19.911279678344727
1230,19.909894943237305
1231,19.908512115478516
1232,19.90713119506836
1233,19.905759811401367
1234,19.90438461303711
1235,19.903018951416016
1236,19.901655197143555
1237,19.90029525756836
1238,19.898941040039062
1239,19.897586822509766
1240,19.896236419677734
1241,19.89488983154297
1242,19.893550872802734
1243,19.892210006713867
1244,19.8908748626709
1245,19.889545440673828
1246,19.888216018676758
1247,19.88688850402832
1248,19.88556671142578
1249,19.88425064086914
1250,19.882932662963867
1251,19.881620407104492
1252,19.88031005859375
1253,19.879003524780273
1254,19.87769889831543
1255,19.87639808654785
1256,19.875102996826172
1257,19.87380599975586
1258,19.87251853942871
1259,19.871227264404297
1260,19.8536434173584
1261,19.843107223510742
1262,19.834396362304688
1263,19.8265438079834
1264,19.819181442260742
1265,19.812122344970703
1266,19.805253982543945
1267,19.79852294921875
1268,19.7918758392334
1269,19.78529167175293
1270,19.77873992919922
1271,19.77220344543457
1272,19.76565933227539
1273,19.759092330932617
1274,19.75248146057129
1275,19.745807647705078
1276,19.739051818847656
1277,19.732181549072266
1278,19.725183486938477
1279,19.718013763427734
1280,19.710655212402344
1281,19.70305824279785
1282,19.695186614990234
1283,19.68700408935547
1284,19.678462982177734
1285,19.669513702392578
1286,19.660106658935547
1287,19.650188446044922
1288,19.63970184326172
1289,19.628589630126953
1290,19.616802215576172
1291,19.604265213012695
1292,19.590923309326172
1293,19.576719284057617
1294,19.561594009399414
1295,19.545480728149414
1296,19.528331756591797
1297,19.510082244873047
1298,19.49068260192871
1299,19.470077514648438
1300,19.448219299316406
1301,19.425064086914062
1302,19.40056610107422
1303,19.374692916870117
1304,19.3474063873291
1305,19.318675994873047
1306,19.288480758666992
1307,19.25679588317871
1308,19.22361183166504
1309,19.188915252685547
1310,19.152694702148438
1311,19.11495590209961
1312,19.075702667236328
1313,19.03493881225586
1314,18.992679595947266
1315,18.948945999145508
1316,18.903751373291016
1317,18.857128143310547
1318,18.809101104736328
1319,18.759706497192383
1320,18.70897674560547
1321,18.656957626342773
1322,18.603689193725586
1323,18.549211502075195
1324,18.493579864501953
1325,18.43683433532715
1326,18.37903594970703
1327,18.320232391357422
1328,18.260482788085938
1329,18.199838638305664
1330,18.13835906982422
1331,18.076099395751953
1332,18.013118743896484
1333,17.94947624206543
1334,17.88522720336914
1335,17.820430755615234
1336,17.755142211914062
1337,17.689422607421875
1338,17.623327255249023
1339,17.556907653808594
1340,17.490224838256836
1341,17.42332649230957
1342,17.356266021728516
1343,17.289094924926758
1344,17.221864700317383
1345,17.154621124267578
1346,17.087411880493164
1347,17.020282745361328
1348,16.95327377319336
1349,16.886432647705078
1350,16.886995315551758
1351,16.887550354003906
1352,16.888092041015625
1353,16.888620376586914
1354,16.889135360717773
1355,16.889633178710938
1356,16.890113830566406
1357,16.890579223632812
1358,16.891021728515625
1359,16.891450881958008
1360,16.891860961914062
1361,16.892253875732422
1362,16.89262580871582
1363,16.892982482910156
1364,16.89331817626953
1365,16.893638610839844
1366,16.893939971923828
1367,16.894227981567383
1368,16.894495010375977
1369,16.894746780395508
1370,16.89497947692871
1371,16.895198822021484
1372,16.895401000976562
1373,16.89558982849121
1374,16.895761489868164
1375,16.895917892456055
1376,16.896066665649414
1377,16.896190643310547
1378,16.896305084228516
1379,16.89640998840332
1380,16.896495819091797
1381,16.896570205688477
1382,16.89663314819336
1383,16.89668083190918
1384,16.896717071533203
1385,16.896745681762695
1386,16.896757125854492
1387,16.89676284790039
1388,16.896753311157227
1389,16.8967342376709
1390,16.89670181274414
1391,16.89665985107422
1392,16.896608352661133
1393,16.896549224853516
1394,16.89647674560547
1395,16.896394729614258
1396,16.896305084228516
1397,16.89620590209961
1398,16.89609718322754
1399,16.89598274230957
1400,16.895854949951172
1401,16.895719528198242
1402,16.895580291748047
1403,16.895427703857422
1404,16.895275115966797
1405,16.89510726928711
1406,16.894935607910156
1407,16.89475440979004
1408,16.89456558227539
1409,16.894371032714844
1410,16.894168853759766
1411,16.893959045410156
1412,16.89374351501465
1413,16.89352035522461
1414,16.89328956604004
1415,16.893054962158203
1416,16.892812728881836
1417,16.892560958862305
1418,16.892305374145508
1419,16.892045974731445
1420,16.891780853271484
1421,16.891508102416992
1422,16.8912296295166
1423,16.890947341918945
1424,16.89065933227539
1425,16.890365600585938
1426,16.89006805419922
1427,16.8897647857666
1428,16.88945770263672
1429,16.889144897460938
1430,16.888826370239258
1431,16.888504028320312
1432,16.888174057006836
1433,16.88784408569336
1434,16.88750648498535
1435,16.887163162231445
1436,16.88681983947754
1437,16.886470794677734
1438,16.886112213134766
1439,16.88575553894043
1440,19.909862518310547
1441,19.974754333496094
1442,19.989749908447266
1443,19.99476432800293
1444,19.996793746948242
1445,19.99772834777832
1446,19.998199462890625
1447,19.99846076965332
1448,19.99861717224121
1449,19.998716354370117
1450,19.998783111572266
1451,19.99883270263672
1452,19.998872756958008
1453,19.9989070892334
1454,19.99893569946289
1455,19.998958587646484
1456,19.998981475830078
1457,19.999004364013672
1458,19.999021530151367
1459,19.999040603637695
1460,19.99905776977539
1461,19.99907112121582
1462,19.999088287353516
1463,19.999103546142578
1464,19.99911880493164
1465,19.999130249023438
1466,19.999143600463867
1467,19.999156951904297
1468,19.99916648864746
1469,19.99917984008789
1470,19.999191284179688
1471,19.999202728271484
1472,19.99921226501465
1473,19.999221801757812
1474,19.99923324584961
1475,19.99924087524414
1476,19.999252319335938
1477,19.99925994873047
1478,19.999269485473633
1479,19.999277114868164
1480,19.999284744262695
1481,19.999292373657227
1482,19.99930191040039
1483,19.99930763244629
1484,19.99931526184082
1485,19.99932098388672
1486,19.99932861328125
1487,19.99933433532715
1488,19.999340057373047
1489,19.999347686767578
1490,19.999353408813477
1491,19.999357223510742
1492,19.99936294555664
1493,19.999370574951172
1494,19.999374389648438
1495,19.999380111694336
1496,19.999385833740234
1497,19.9993896484375
1498,19.999393463134766
1499,19.999399185180664
1500,19.999404907226562
1501,19.999408721923828
1502,19.999412536621094
1503,19.99941635131836
1504,19.999422073364258
1505,19.999425888061523
1506,19.99942970275879
1507,19.999431610107422
1508,19.999439239501953
1509,19.99944305419922
1510,19.99944496154785
1511,19.999448776245117
1512,19.999452590942383
1513,19.999454498291016
1514,19.99945831298828
1515,19.999462127685547
1516,19.999465942382812
1517,19.999469757080078
1518,19.99947166442871
1519,19.999473571777344
1520,19.99947738647461
1521,19.999479293823242
1522,19.999483108520508
1523,19.99948501586914
1524,19.999488830566406
1525,19.999492645263672
1526,19.999494552612305
1527,19.99949836730957
1528,19.99949836730957
1529,19.999500274658203
1530,19.998300552368164
1531,19.997066497802734
1532,19.995798110961914
1533,19.994503021240234
1534,19.99319076538086
1535,19.99185562133789
1536,19.990503311157227
1537,19.989139556884766
1538,19.987762451171875
1539,19.986377716064453
1540,19.984983444213867
1541,19.983585357666016
1542,19.9821834564209
1543,19.98077392578125
1544,19.979366302490234
1545,19.977954864501953
1546,19.976543426513672
1547,19.975128173828125
1548,19.97371482849121
1549,19.972301483154297
1550,19.970890045166016
1551,19.969478607177734
1552,19.96807098388672
1553,19.966665267944336
1554,19.965261459350586
1555,19.96385955810547
1556,19.96245765686035
1557,19.961061477661133
1558,19.95966339111328
1559,19.958274841308594
1560,19.95688819885254
1561,19.955501556396484
1562,19.954118728637695
1563,19.952743530273438
1564,19.951370239257812
1565,19.94999885559082
1566,19.948627471923828
1567,19.947263717651367
1568,19.945903778076172
1569,19.94454574584961
1570,19.943195343017578
1571,19.941844940185547
1572,19.940502166748047
1573,19.939159393310547
1574,19.937820434570312
1575,19.936487197875977
1576,19.935155868530273
1577,19.933826446533203
1578,19.932506561279297
1579,19.93118667602539
1580,19.92987060546875
1581,19.928558349609375
1582,19.927249908447266
1583,19.925945281982422
1584,19.92464256286621
1585,19.923343658447266
1586,19.92205047607422
1587,19.920759201049805
1588,19.919471740722656
1589,19.918188095092773
1590,19.916908264160156
1591,19.915632247924805
1592,19.914356231689453
1593,19.913087844848633
1594,19.911823272705078
1595,19.910560607910156
1596,19.9093017578125
1597,19.908044815063477
1598,19.90679168701172
1599,19.905540466308594
1600,19.904293060302734
1601,19.90304946899414
1602,19.901811599731445
1603,19.90057373046875
1604,19.89933967590332
1605,19.898107528686523
1606,19.89687728881836
1607,19.895652770996094
1608,19.89443016052246
1609,19.89320945739746
1610,19.891992568969727
1611,19.890779495239258
1612,19.88956642150879
1613,19.88835906982422
1614,19.887155532836914
1615,19.885950088500977
1616,19.88475227355957
1617,19.8835506439209
1618,19.88235855102539
1619,19.881168365478516
1620,19.864879608154297
1621,19.85508155822754
1622,19.846954345703125
1623,19.839618682861328
1624,19.832727432250977
1625,19.826108932495117
1626,19.819665908813477
1627,19.813339233398438
1628,19.807092666625977
1629,19.8008975982666
1630,19.794727325439453
1631,19.78856658935547
1632,19.782398223876953
1633,19.776203155517578
1634,19.76996421813965
1635,19.7636661529541
1636,19.757286071777344
1637,19.75080108642578
1638,19.74418830871582
1639,19.737422943115234
1640,19.7304744720459
1641,19.72330665588379
1642,19.71588706970215
1643,19.70816993713379
1644,19.700124740600586
1645,19.69169807434082
1646,19.682849884033203
1647,19.673526763916016
1648,19.663677215576172
1649,19.653247833251953
1650,19.642187118530273
1651,19.63043785095215
1652,19.617950439453125
1653,19.604660034179688
1654,19.59051513671875
1655,19.575462341308594
1656,19.559446334838867
1657,19.542409896850586
1658,19.52431297302246
1659,19.50510025024414
1660,19.484724044799805
1661,19.46314811706543
1662,19.44032859802246
1663,19.41623306274414
1664,19.390827178955078
1665,19.36408042907715
1666,19.33597755432129
1667,19.30649185180664
1668,19.275611877441406
1669,19.24332618713379
1670,19.209627151489258
1671,19.17451286315918
1672,19.13798713684082
1673,19.100051879882812
1674,19.06072425842285
1675,19.020015716552734
1676,18.977947235107422
1677,18.934537887573242
1678,18.889820098876953
1679,18.843814849853516
1680,18.796558380126953
1681,18.748085021972656
1682,18.698434829711914
1683,18.647647857666016
1684,18.595766067504883
1685,18.542835235595703
1686,18.488901138305664
1687,18.434011459350586
1688,18.378215789794922
1689,18.321565628051758
1690,18.264110565185547
1691,18.20590591430664
1692,18.14699935913086
1693,18.087448120117188
1694,18.027299880981445
1695,17.96661376953125
1696,17.905433654785156
1697,17.843820571899414
1698,17.78182029724121
1699,17.719486236572266
1700,17.656864166259766
1701,17.594005584716797
1702,17.530960083007812
1703,17.4677734375
1704,17.40448760986328
1705,17.341150283813477
1706,17.277801513671875
1707,17.214481353759766
1708,17.151241302490234
1709,17.088106155395508
1710,17.08866310119629
1711,17.08920669555664
1712,17.089746475219727
1713,17.090269088745117
1714,17.090778350830078
1715,17.091276168823242
1716,17.091754913330078
1717,17.09221649169922
1718,17.092662811279297
1719,17.093090057373047
1720,17.093503952026367
1721,17.093896865844727
1722,17.09427261352539
1723,17.094636917114258
1724,17.094974517822266
1725,17.09530258178711
1726,17.09560775756836
1727,17.095901489257812
1728,17.09617805480957
1729,17.096439361572266
1730,17.096683502197266
1731,17.096912384033203
1732,17.09712791442871
1733,17.097326278686523
1734,17.097509384155273
1735,17.09767723083496
1736,17.097835540771484
1737,17.097978591918945
1738,17.09810447692871
1739,17.098217010498047
1740,17.098323822021484
1741,17.09841537475586
1742,17.098495483398438
1743,17.098560333251953
1744,17.098613739013672
1745,17.098655700683594
1746,17.09868812561035
1747,17.098709106445312
1748,17.09872055053711
1749,17.098718643188477
1750,17.09870719909668
1751,17.09868812561035
1752,17.098657608032227
1753,17.098615646362305
1754,17.098569869995117
1755,17.098508834838867
1756,17.098438262939453
1757,17.09836196899414
1758,17.098278045654297
1759,17.09818458557129
1760,17.09808349609375
1761,17.097972869873047
1762,17.09785270690918
1763,17.097728729248047
1764,17.09759521484375
1765,17.09745216369629
1766,17.097301483154297
1767,17.097145080566406
1768,17.096981048583984
1769,17.096813201904297
1770,17.096637725830078
1771,17.096450805664062
1772,17.09625816345215
1773,17.096059799194336
1774,17.09585952758789
1775,17.095651626586914
1776,17.09543800354004
1777,17.09521484375
1778,17.094989776611328
1779,17.094755172729492
1780,17.09451675415039
1781,17.094268798828125
1782,17.09402084350586
1783,17.093769073486328
1784,17.093507766723633
1785,17.093242645263672
1786,17.092973709106445
1787,17.092697143554688
1788,17.092416763305664
1789,17.09212875366211
1790,17.091840744018555
1791,17.0915470123291
1792,17.091251373291016
1793,17.0909481048584
1794,17.090639114379883
1795,17.090328216552734
1796,17.090011596679688
1797,17.08968734741211
1798,17.089366912841797
1799,17.08903694152832
